bun test v1.3.14 (0d9b296a)

apps/electron/src/renderer/atoms/rox-readiness-ui-001.panels.test.ts:
(pass) UI-001 visible panel allocation > opens the first panel at full width [4.17ms]
(pass) UI-001 visible panel allocation > opens a sibling with a positive width and preserves the existing panel identity [1.34ms]
(pass) UI-001 visible panel allocation > preserves the ratio of resized siblings when inserting another panel [0.87ms]

apps/electron/src/renderer/atoms/rox-readiness-ui-001.layout.test.ts:
(pass) ROX UI-001 real persisted layout atoms > bounds live writes before consumers read them and saves the same value [3.21ms]
(pass) ROX UI-001 real persisted layout atoms > retains the inspector host range instead of narrowing valid saved widths [0.35ms]
(pass) ROX UI-001 real persisted layout atoms > rounds updater callbacks and reloads canonical values in a fresh store [1.59ms]
(pass) ROX UI-001 real persisted layout atoms > recovers malformed JSON, wrong types and non-finite JSON on reload [3.48ms]
(pass) ROX UI-001 real persisted layout atoms > keeps valid live sizes usable when persistence or reset is denied [1.62ms]
(pass) ROX UI-001 real persisted layout atoms > normalizes cross-window storage events and unsubscribes on unmount [0.71ms]
(pass) ROX UI-001 real persisted layout atoms > does not replay an older queued storage value or clear over the current preference [0.14ms]
(pass) ROX UI-001 persisted shell geometry > rounds and bounds preferences within the controls existing supported ranges [0.03ms]
(pass) ROX UI-001 persisted shell geometry > recovers malformed and non-finite reload values to a usable default [0.03ms]

apps/electron/src/shared/__tests__/shell-appearance.test.ts:
(pass) parseZenShellEnabled / parseShellMaterialPreference > enables fresh installs and preserves explicit opt-outs [0.06ms]
(pass) parseZenShellEnabled / parseShellMaterialPreference > defaults unknown preference to system [0.03ms]
(pass) parseZenShellPatch > accepts enabled and materialPreference only [1.09ms]
(pass) parseZenShellPatch > rejects BrowserWindow options and extra keys [0.55ms]
(pass) resolveShellMaterial > does not emit glass when zen is disabled (resolver not used for OFF path) [0.11ms]
(pass) resolveShellMaterial > macOS system/glass → vibrancy when paint is healthy [0.02ms]
(pass) resolveShellMaterial > uses mica only on Windows 11 22H2 or newer [0.04ms]
(pass) resolveShellMaterial > Linux and web are honest solid [0.02ms]
(pass) resolveShellMaterial > user opaque, reduce transparency, high contrast, missing paint, gpu, destroyed beat glass [0.03ms]
(pass) resolveShellMaterial > accessibility beats user glass even on capable macOS [0.02ms]
(pass) snapshotZenShell > exposes the typed flag name and resolved material [0.04ms]

apps/electron/src/shared/__tests__/settings-security.test.ts:
(pass) security settings page registry > registers exactly one security subpage through the canonical registry [0.13ms]
(pass) security settings page registry > derives the deep link and every menu/component/icon integration from the registry [0.64ms]
(pass) security settings page registry > keeps unknown deep links invalid [0.37ms]

apps/electron/src/shared/__tests__/route-parser-notes-legacy.test.ts:
(pass) route-parser: canonical Notes routes > builds canonical local Notes routes and round-trips nested note ids [0.40ms]
(pass) route-parser: canonical Notes routes > does not expose retired legacy Notes routes [0.34ms]
(pass) route-parser: canonical Notes routes > uses canonical Notes navigation-state keys [0.55ms]

apps/electron/src/shared/__tests__/shell-window-lifecycle.test.ts:
(pass) reduceZenWindow > did-finish-load and timeout show once without applying glass [0.08ms]
(pass) reduceZenWindow > ready-to-show shows once and applies material [0.02ms]
(pass) reduceZenWindow > late ready-to-show still applies material after an opaque first show [0.02ms]
(pass) reduceZenWindow > gpu-crash increments generation and clears material [0.02ms]
(pass) reduceZenWindow > policy-change applies only when paintGeneration matches generation [0.02ms]

apps/electron/src/shared/__tests__/rox-readiness-ui-001.routes.test.ts:
(pass) UI-001 unavailable routes retain their exact address > keeps retired/surface unavailable through parsing, route building and panel persistence [0.18ms]
(pass) UI-001 unavailable routes retain their exact address > keeps knowledge/unknown/id unavailable through parsing, route building and panel persistence [0.02ms]
(pass) UI-001 unavailable routes retain their exact address > keeps knowledge/document unavailable through parsing, route building and panel persistence
(pass) UI-001 unavailable routes retain their exact address > recovers invalid encoding in sources/source/% without selecting a chat [0.08ms]
(pass) UI-001 unavailable routes retain their exact address > recovers invalid encoding in skills/skill/%E0%A4%A without selecting a chat
(pass) UI-001 unavailable routes retain their exact address > recovers invalid encoding in allSessions/session/%FF without selecting a chat
(pass) UI-001 unavailable routes retain their exact address > keeps action parsing separate from selected view state [0.31ms]
(pass) UI-001 unavailable routes retain their exact address > round-trips the emitted session panel key and accepts the existing compatibility key [0.51ms]
(pass) UI-001 unavailable routes retain their exact address > retains compatible persisted failure keys without altering raw addresses [0.05ms]
(pass) UI-001 unavailable routes retain their exact address > retains the existing cloud-run and diff list surfaces without selecting a chat [0.08ms]

apps/electron/src/shared/__tests__/route-parser-connections.test.ts:
(pass) route-parser: Connections routes > round-trips the bare connections route [0.19ms]
(pass) route-parser: Connections routes > does not throw on an unknown connections subpath [0.19ms]

apps/electron/src/shared/__tests__/browser-live-fx.test.ts:
(pass) getBrowserLiveFxCornerRadii > uses 16px bottom corners on macOS [0.05ms]
(pass) getBrowserLiveFxCornerRadii > uses 8px bottom corners on Windows [0.02ms]
(pass) getBrowserLiveFxCornerRadii > uses 6px bottom corners on Linux and fallback platforms [0.02ms]

apps/electron/src/shared/__tests__/route-parser-extra-screens.test.ts:
(pass) extra screen routes > every extra screen id is a compound route prefix (rox:// accepts it) [0.06ms]
(pass) extra screen routes > route builders [0.04ms]
(pass) extra screen routes > segment parser rejects unknown ids [0.03ms]
(pass) extra screen routes > dossier: parse, build and panel-key round trips [1.44ms]
(pass) extra screen routes > radar: parse, build and panel-key round trips [0.12ms]
(pass) extra screen routes > decisions: parse, build and panel-key round trips [0.04ms]
(pass) extra screen routes > agents: parse, build and panel-key round trips [0.02ms]
(pass) extra screen routes > focus: parse, build and panel-key round trips [0.02ms]

apps/electron/src/shared/__tests__/page-bridge.test.ts:
(pass) parsePageBridgeMessage > accepts a well-formed api action [0.38ms]
(pass) parsePageBridgeMessage > accepts a bare script action trigger [0.04ms]
(pass) parsePageBridgeMessage > accepts a well-formed mcp action with args [0.08ms]
(pass) parsePageBridgeMessage > accepts ready / action-cancel / open-url [0.03ms]
(pass) parsePageBridgeMessage > rejects wrong/missing protocol and unknown types [0.02ms]
(pass) parsePageBridgeMessage > rejects malformed actions [0.06ms]
(pass) parsePageBridgeMessage > rejects oversized and cyclic payloads [2.29ms]
(pass) parsePageBridgeMessage > rejects pathologically deep params [0.12ms]
(pass) parsePageBridgeMessage: grant-request > accepts well-formed mcp and api entries [0.18ms]
(pass) parsePageBridgeMessage: grant-request > rejects missing nonce, empty/oversized request lists, duplicate keys [0.07ms]
(pass) parsePageBridgeMessage: grant-request > rejects malformed descriptors [0.08ms]
(pass) parsePageBridgeMessage: grant-request > accepts a well-formed script descriptor [0.14ms]
(pass) parsePageBridgeMessage: grant-request > rejects unsafe or malformed script descriptors [0.09ms]
(pass) parsePageBridgeMessage: grant-request > rejects oversized descriptions [0.02ms]
(pass) descriptorEquals > matches on all fields per kind, never across kinds [0.06ms]
(pass) descriptorEquals > script matches on path, runtime (bun default), and ordered args [0.06ms]
(pass) isSafeExternalUrl > allows only http(s) [0.21ms]
(pass) isMutatingInvocation > api GET is the only activation-exempt invocation [0.12ms]
(pass) isMutatingInvocation > mcp always mutates (opaque tools — no method to infer read vs write) [0.02ms]
(pass) isMutatingInvocation > script always mutates (host command execution needs a fresh gesture) [0.01ms]
(pass) outgoing message builders > stamp the protocol and wrap payloads [0.11ms]
(pass) outgoing message builders > init and grants messages carry grant summaries [0.05ms]
(pass) PageActionRateLimiter > caps concurrent requests [0.29ms]
(pass) PageActionRateLimiter > caps mutating requests to one in flight [0.04ms]
(pass) PageActionRateLimiter > enforces a sliding one-minute window [0.03ms]
(pass) PageActionRateLimiter > exposes in-flight ids for unmount cancellation [0.06ms]
(pass) reconcileGrantSummaries > config additions appear, revocations disappear [0.08ms]
(pass) reconcileGrantSummaries > an in-render approval survives until the config confirms it [0.06ms]
(pass) reconcileGrantSummaries > grantIdsEqual is order-insensitive set equality [0.05ms]

apps/electron/src/shared/__tests__/route-parser-meetings.test.ts:
(pass) meetings routes > route builders emit the meetings prefix [1.07ms]
(pass) meetings routes > meetings is a compound route prefix [0.10ms]
(pass) meetings routes > parses bare and detail meetings routes [0.16ms]
(pass) meetings routes > round-trips navigation state and panel keys [0.06ms]

apps/electron/src/shared/__tests__/ipc-channels.test.ts:
(pass) RPC_CHANNELS wire-format stability > contains exactly 808 channel strings [0.78ms]
(pass) RPC_CHANNELS wire-format stability > preserves exact wire-format strings (sorted equality) [0.72ms]
(pass) RPC_CHANNELS wire-format stability > has no duplicate wire-format strings [0.19ms]
(pass) BroadcastEventMap payload shapes > sources:changed carries (workspaceId, sources)
(pass) BroadcastEventMap payload shapes > sources:indexChanged carries (workspaceId, payload)
(pass) BroadcastEventMap payload shapes > skills:changed carries (workspaceId, skills)
(pass) BroadcastEventMap payload shapes > contextDocs:CHANGED carries no payload

apps/electron/src/shared/__tests__/right-sidebar-param.test.ts:
(pass) right sidebar URL round-trip > round-trips files, history, git, browser, and context [0.35ms]
(pass) right sidebar URL round-trip > omits none from the URL and still parses the token [0.08ms]
(pass) right sidebar URL round-trip > does not treat terminal as a sidebar panel [0.84ms]

apps/electron/src/shared/__tests__/route-parser-automations.test.ts:
(pass) route-parser: automations routes > parses "automations" as automations navigator with no filter or details [0.08ms]
(pass) route-parser: automations routes > parses "automations/scheduled" as automations with scheduled filter [0.10ms]
(pass) route-parser: automations routes > parses "automations/event" as automations with event filter [0.13ms]
(pass) route-parser: automations routes > parses "automations/agentic" as automations with agentic filter [0.04ms]
(pass) route-parser: automations routes > parses "automations/scheduled/automation/automation-1" as filtered + details [0.08ms]
(pass) route-parser: automations routes > parses "automations/automation/automation-1" as unfiltered + details [0.02ms]
(pass) route-parser: automations routes > roundtrips automations (no filter, no details) [0.07ms]
(pass) route-parser: automations routes > roundtrips automations with scheduled filter [0.02ms]
(pass) route-parser: automations routes > roundtrips automations/scheduled/automation/automation-1 [0.45ms]
(pass) route-parser: automations routes > roundtrips automations/automation/automation-1 [0.65ms]

apps/electron/src/shared/__tests__/route-parser-inbox.test.ts:
(pass) inbox route > builds and parses inbox routes [1.08ms]
(pass) inbox route > round-trips navigation state [1.08ms]

apps/electron/src/shared/__tests__/route-parser-legacy-settings.test.ts:
(pass) legacy settings redirects > redirects toolchain → runtime [0.02ms]
(pass) legacy settings redirects > redirects preferences → context [0.02ms]
(pass) legacy settings redirects > keeps Marketplace and Extensions as independent settings routes [0.80ms]
(pass) legacy settings redirects > rejects unknown pages [0.02ms]
(pass) legacy settings redirects > maps bare settings to Overview and keeps settings/app as App [0.04ms]

apps/electron/src/shared/__tests__/route-parser-board-session.test.ts:
(pass) route-parser: board session card > round-trips board without a session [0.13ms]
(pass) route-parser: board session card > round-trips board/session/{id} as board + session details [0.06ms]

apps/electron/src/shared/__tests__/route-surfaces.test.ts:
(pass) route-parser: unified shell surfaces > registers Search as a query-preserving route and accepts its deep link [0.28ms]
(pass) route-parser: unified shell surfaces > round-trips session via NavigationState: allSessions/session/session-1 [0.05ms]
(pass) route-parser: unified shell surfaces > round-trips session via ParsedCompoundRoute: allSessions/session/session-1 [0.02ms]
(pass) route-parser: unified shell surfaces > round-trips browser via NavigationState: browser/instance/browser-embedded-7 [0.01ms]
(pass) route-parser: unified shell surfaces > round-trips browser via ParsedCompoundRoute: browser/instance/browser-embedded-7
(pass) route-parser: unified shell surfaces > round-trips knowledge via NavigationState: knowledge/document/doc-1 [0.02ms]
(pass) route-parser: unified shell surfaces > round-trips knowledge via ParsedCompoundRoute: knowledge/document/doc-1 [0.01ms]
(pass) route-parser: unified shell surfaces > round-trips database via NavigationState: knowledge/database/db-9
(pass) route-parser: unified shell surfaces > round-trips database via ParsedCompoundRoute: knowledge/database/db-9
(pass) route-parser: unified shell surfaces > round-trips cloud-run via NavigationState: cloud-run/run-42
(pass) route-parser: unified shell surfaces > round-trips cloud-run via ParsedCompoundRoute: cloud-run/run-42
(pass) route-parser: unified shell surfaces > round-trips extension via NavigationState: extension/ext-1/mainview [0.01ms]
(pass) route-parser: unified shell surfaces > round-trips extension via ParsedCompoundRoute: extension/ext-1/mainview
(pass) route-parser: unified shell surfaces > round-trips diff via NavigationState: diff/prop-2
(pass) route-parser: unified shell surfaces > round-trips diff via ParsedCompoundRoute: diff/prop-2
(pass) route-parser: unified shell surfaces > parses knowledge route into knowledge navigator with ref kind + id [0.02ms]
(pass) route-parser: unified shell surfaces > parses database route as knowledge navigator with kind "database" [0.02ms]
(pass) route-parser: unified shell surfaces > parses cloud-run extension and diff into their own navigators [0.04ms]
(pass) route-parser: unified shell surfaces > decodes percent-encoded ids (slashes/spaces survive the round-trip) [0.03ms]
(pass) route-parser: unified shell surfaces > builds exact route strings (compat pins for the new builders) [0.04ms]
(pass) route-parser: unified shell surfaces > parses knowledge/view/{viewId} into knowledge-view details and round-trips [0.03ms]
(pass) route-parser: unified shell surfaces > degrades knowledge route with unknown ref kind to sessions/allSessions [0.02ms]
(pass) route-parser: unified shell surfaces > degrades knowledge route missing its id to sessions/allSessions [0.02ms]
(pass) route-parser: unified shell surfaces > keeps bare surface roots as navigator-only states that rebuild exactly [0.05ms]
(pass) route-parser: unified shell surfaces > degrades legacy parseRoute() of a surface route to the allSessions view [0.02ms]
(pass) route-parser: unified shell surfaces > maps surface states to nearest existing views via degradeSurfaceNavigationState [0.05ms]
(pass) route-parser: unified shell surfaces > is identity for pre-W1 states [0.01ms]
(pass) route-parser: unified shell surfaces > keeps pre-existing route intact: allSessions [0.02ms]
(pass) route-parser: unified shell surfaces > keeps pre-existing route intact: flagged [0.01ms]
(pass) route-parser: unified shell surfaces > keeps pre-existing route intact: archived
(pass) route-parser: unified shell surfaces > keeps pre-existing route intact: board [0.01ms]
(pass) route-parser: unified shell surfaces > keeps pre-existing route intact: table
(pass) route-parser: unified shell surfaces > keeps pre-existing route intact: heatmap
(pass) route-parser: unified shell surfaces > keeps pre-existing route intact: memory
(pass) route-parser: unified shell surfaces > keeps pre-existing route intact: home
(pass) route-parser: unified shell surfaces > keeps pre-existing route intact: allSessions/session/abc123
(pass) route-parser: unified shell surfaces > keeps pre-existing route intact: flagged/session/abc123
(pass) route-parser: unified shell surfaces > keeps pre-existing route intact: state/todo/session/abc123
(pass) route-parser: unified shell surfaces > keeps pre-existing route intact: label/work/session/abc123
(pass) route-parser: unified shell surfaces > keeps pre-existing route intact: sources
(pass) route-parser: unified shell surfaces > keeps pre-existing route intact: sources/api
(pass) route-parser: unified shell surfaces > keeps pre-existing route intact: sources/api/source/gmail [0.01ms]
(pass) route-parser: unified shell surfaces > keeps pre-existing route intact: sources/source/github
(pass) route-parser: unified shell surfaces > keeps pre-existing route intact: skills
(pass) route-parser: unified shell surfaces > keeps pre-existing route intact: skills/skill/skill-1
(pass) route-parser: unified shell surfaces > keeps pre-existing route intact: notes
(pass) route-parser: unified shell surfaces > keeps pre-existing route intact: notes/note/note-1
(pass) route-parser: unified shell surfaces > keeps pre-existing route intact: automations
(pass) route-parser: unified shell surfaces > keeps pre-existing route intact: automations/scheduled
(pass) route-parser: unified shell surfaces > keeps pre-existing route intact: automations/scheduled/automation/auto-1 [0.01ms]
(pass) route-parser: unified shell surfaces > keeps pre-existing route intact: projects
(pass) route-parser: unified shell surfaces > keeps pre-existing route intact: projects/project/proj-1 [0.01ms]
(pass) route-parser: unified shell surfaces > keeps pre-existing route intact: settings
(pass) route-parser: unified shell surfaces > keeps pre-existing route intact: settings/shortcuts [0.02ms]
(pass) route-parser: unified shell surfaces > keeps pre-existing route intact: browser/instance/browser-embedded-1
(pass) route-parser: unified shell surfaces > parses table route into sessions viewMode table and round-trips [0.06ms]
(pass) route-parser: unified shell surfaces > parses heatmap route into sessions viewMode heatmap and round-trips [0.05ms]

apps/electron/src/shared/__tests__/rox-readiness-ui-001.route-preservation.test.ts:
(pass) UI-001 raw view route preservation > preserves unavailable raw route "" [0.41ms]
(pass) UI-001 raw view route preservation > preserves unavailable raw route "not-a-route" [0.01ms]
(pass) UI-001 raw view route preservation > preserves unavailable raw route "not-a-route?keep=a%2Fb&next=%3F"
(pass) UI-001 raw view route preservation > preserves unavailable raw route "knowledge/unknown/doc" [0.13ms]
(pass) UI-001 raw view route preservation > preserves unavailable raw route "knowledge/document"
(pass) UI-001 raw view route preservation > preserves unavailable raw route "knowledge/view"
(pass) UI-001 raw view route preservation > preserves unavailable raw route "settings/unknown" [0.03ms]
(pass) UI-001 raw view route preservation > preserves unavailable raw route "settings/shortcuts/extra"
(pass) UI-001 raw view route preservation > preserves unavailable raw route "sources/api/wrong" [0.02ms]
(pass) UI-001 raw view route preservation > preserves unavailable raw route "sources/source"
(pass) UI-001 raw view route preservation > preserves unavailable raw route "sources/api/source"
(pass) UI-001 raw view route preservation > preserves unavailable raw route "skills/skill"
(pass) UI-001 raw view route preservation > preserves unavailable raw route "projects/project"
(pass) UI-001 raw view route preservation > preserves unavailable raw route "pages/page"
(pass) UI-001 raw view route preservation > preserves unavailable raw route "browser/instance"
(pass) UI-001 raw view route preservation > preserves unavailable raw route "allSessions/session"
(pass) UI-001 raw view route preservation > preserves unavailable raw route "allSessions/wrong/id"
(pass) UI-001 raw view route preservation > preserves unavailable raw route "state/todo/session"
(pass) UI-001 raw view route preservation > preserves unavailable raw route "label/work/session/a/extra" [0.02ms]
(pass) UI-001 raw view route preservation > preserves unavailable raw route "board/session/a/extra"
(pass) UI-001 raw view route preservation > preserves unavailable raw route "table/extra"
(pass) UI-001 raw view route preservation > preserves unavailable raw route "notes/note/a/extra"
(pass) UI-001 raw view route preservation > preserves unavailable raw route "knowledge/document/a/extra"
(pass) UI-001 raw view route preservation > preserves unavailable raw route "cloud-run/a/extra"
(pass) UI-001 raw view route preservation > preserves unavailable raw route "terminal/a/extra"
(pass) UI-001 raw view route preservation > preserves unavailable raw route "extension/plugin/view/extra"
(pass) UI-001 raw view route preservation > preserves unavailable raw route "diff/a/extra"
(pass) UI-001 raw view route preservation > preserves unavailable raw route "tasks/task/a/extra"
(pass) UI-001 raw view route preservation > preserves unavailable raw route "meetings/meeting/a/extra"
(pass) UI-001 raw view route preservation > preserves unavailable raw route "inbox/item/a/extra"
(pass) UI-001 raw view route preservation > preserves unavailable raw route "feed/item/a/extra"
(pass) UI-001 raw view route preservation > preserves unavailable raw route "radar/item/a/extra"
(pass) UI-001 raw view route preservation > preserves unavailable raw route "home/extra"
(pass) UI-001 raw view route preservation > preserves unavailable raw route "connections/extra"
(pass) UI-001 raw view route preservation > preserves unavailable raw route "sources//source/a"
(pass) UI-001 raw view route preservation > preserves unavailable raw route "/allSessions"
(pass) UI-001 raw view route preservation > preserves unavailable raw route "allSessions/"
(pass) UI-001 raw view route preservation > preserves unavailable raw route "notes/note/%E0%A4%A" [0.03ms]
(pass) UI-001 raw view route preservation > preserves unavailable raw route "label/%"
(pass) UI-001 raw view route preservation > preserves unavailable raw route "terminal/%GG" [0.01ms]
(pass) UI-001 raw view route preservation > preserves unavailable raw route "radar/item/%E0%A4%A"
(pass) UI-001 raw view route preservation > preserves unavailable raw route "search?q=%E0%A4%A"
(pass) UI-001 raw view route preservation > preserves unavailable raw route "sources/source/a?stray=%" [0.01ms]
(pass) UI-001 raw view route preservation > preserves unavailable raw route "action/new-session"
(pass) UI-001 raw view route preservation > preserves unavailable raw route "action/delete-session/selected"
(pass) UI-001 raw view route preservation > preserves unavailable raw route "action/unknown"
(pass) UI-001 raw view route preservation > preserves unavailable raw route "javascript:alert(1)"
(pass) UI-001 raw view route preservation > preserves unavailable raw route "https://example.com/allSessions"
(pass) UI-001 raw view route preservation > preserves unavailable raw route "terminal/selected#fragment"
(pass) UI-001 raw view route preservation > preserves unavailable raw route "cloud-run/selected\nother"
(pass) UI-001 raw view route preservation > preserves unavailable raw route "unknown/\ud800" [0.02ms]
(pass) UI-001 raw view route preservation > keeps unavailable addresses distinct when navigation keys are stored and restored [0.90ms]
(pass) UI-001 raw view route preservation > retains a requested sidebar without replacing the unavailable raw route [0.09ms]
(pass) UI-001 raw view route preservation > restores raw malformed addresses safely and rejects corrupt saved keys [0.49ms]
(pass) UI-001 raw view route preservation > keeps valid route behavior for allSessions/session/selected [0.10ms]
(pass) UI-001 raw view route preservation > keeps valid route behavior for flagged/session/selected [0.03ms]
(pass) UI-001 raw view route preservation > keeps valid route behavior for state/todo/session/selected [0.01ms]
(pass) UI-001 raw view route preservation > keeps valid route behavior for label/work/session/selected [0.01ms]
(pass) UI-001 raw view route preservation > keeps valid route behavior for view/custom/session/selected [0.01ms]
(pass) UI-001 raw view route preservation > keeps valid route behavior for board/session/selected [0.02ms]
(pass) UI-001 raw view route preservation > keeps valid route behavior for sources/api/source/selected [0.02ms]
(pass) UI-001 raw view route preservation > keeps valid route behavior for skills/skill/selected [0.02ms]
(pass) UI-001 raw view route preservation > keeps valid route behavior for projects/project/selected [0.02ms]
(pass) UI-001 raw view route preservation > keeps valid route behavior for pages/page/selected [0.02ms]
(pass) UI-001 raw view route preservation > keeps valid route behavior for notes/note/folder%2Fmy%20note.md [0.02ms]
(pass) UI-001 raw view route preservation > keeps valid route behavior for knowledge/document/doc%2Fwith%20space [0.03ms]
(pass) UI-001 raw view route preservation > keeps valid route behavior for knowledge/view/custom [0.02ms]
(pass) UI-001 raw view route preservation > keeps valid route behavior for cloud-run/run%2F1 [0.03ms]
(pass) UI-001 raw view route preservation > keeps valid route behavior for terminal/term%2F1 [0.03ms]
(pass) UI-001 raw view route preservation > keeps valid route behavior for extension/plugin%2F1/view%20one [0.02ms]
(pass) UI-001 raw view route preservation > keeps valid route behavior for extension/plugin [0.01ms]
(pass) UI-001 raw view route preservation > keeps valid route behavior for diff/proposal%2F1 [0.01ms]
(pass) UI-001 raw view route preservation > keeps valid route behavior for browser/instance/selected [0.02ms]
(pass) UI-001 raw view route preservation > keeps valid route behavior for automations/scheduled/automation/selected [0.02ms]
(pass) UI-001 raw view route preservation > keeps valid route behavior for tasks/task/a%2Fb [0.02ms]
(pass) UI-001 raw view route preservation > keeps valid route behavior for meetings/meeting/a%2Fb [0.01ms]
(pass) UI-001 raw view route preservation > keeps valid route behavior for inbox/item/a%2Fb [0.16ms]
(pass) UI-001 raw view route preservation > keeps valid route behavior for feed/item/a%2Fb [0.02ms]
(pass) UI-001 raw view route preservation > keeps valid route behavior for radar/item/a%2Fb [0.03ms]
(pass) UI-001 raw view route preservation > keeps valid route behavior for search?q=notes%20%26%20sessions [0.03ms]
(pass) UI-001 raw view route preservation > keeps valid route behavior for settings/toolchain [0.01ms]
(pass) UI-001 raw view route preservation > keeps valid route behavior for settings/preferences
(pass) UI-001 raw view route preservation > keeps the supported bare root allSessions [0.04ms]
(pass) UI-001 raw view route preservation > keeps the supported bare root flagged
(pass) UI-001 raw view route preservation > keeps the supported bare root archived
(pass) UI-001 raw view route preservation > keeps the supported bare root board [0.01ms]
(pass) UI-001 raw view route preservation > keeps the supported bare root table
(pass) UI-001 raw view route preservation > keeps the supported bare root heatmap
(pass) UI-001 raw view route preservation > keeps the supported bare root sources [0.01ms]
(pass) UI-001 raw view route preservation > keeps the supported bare root skills
(pass) UI-001 raw view route preservation > keeps the supported bare root notes
(pass) UI-001 raw view route preservation > keeps the supported bare root automations [0.01ms]
(pass) UI-001 raw view route preservation > keeps the supported bare root projects
(pass) UI-001 raw view route preservation > keeps the supported bare root pages
(pass) UI-001 raw view route preservation > keeps the supported bare root settings
(pass) UI-001 raw view route preservation > keeps the supported bare root memory
(pass) UI-001 raw view route preservation > keeps the supported bare root tasks [0.07ms]
(pass) UI-001 raw view route preservation > keeps the supported bare root meetings [0.01ms]
(pass) UI-001 raw view route preservation > keeps the supported bare root inbox
(pass) UI-001 raw view route preservation > keeps the supported bare root feed [0.06ms]
(pass) UI-001 raw view route preservation > keeps the supported bare root home
(pass) UI-001 raw view route preservation > keeps the supported bare root connections
(pass) UI-001 raw view route preservation > keeps the supported bare root knowledge
(pass) UI-001 raw view route preservation > keeps the supported bare root cloud-run
(pass) UI-001 raw view route preservation > keeps the supported bare root terminal
(pass) UI-001 raw view route preservation > keeps the supported bare root extension
(pass) UI-001 raw view route preservation > keeps the supported bare root diff [0.01ms]
(pass) UI-001 raw view route preservation > keeps the supported bare root dossier
(pass) UI-001 raw view route preservation > keeps the supported bare root radar
(pass) UI-001 raw view route preservation > keeps the supported bare root decisions
(pass) UI-001 raw view route preservation > keeps the supported bare root agents
(pass) UI-001 raw view route preservation > keeps the supported bare root focus
(pass) UI-001 raw view route preservation > retains the public null contract for unsupported and action routes [0.07ms]
(pass) UI-001 raw view route preservation > round-trips encoded browser instance IDs through the public builder and view boundary [0.98ms]
(pass) UI-001 raw view route preservation > malformed percent encoding never throws from public route parsers [0.73ms]

apps/electron/src/shared/__tests__/route-parser-home.test.ts:
(pass) route-parser: Home routes > round-trips the bare home route [0.51ms]
(pass) route-parser: Home routes > does not throw on an unknown home subpath [0.03ms]

apps/electron/src/shared/__tests__/route-parser-label-filter.test.ts:
(pass) route-parser: label filter routes > parses a plain label route [0.24ms]
(pass) route-parser: label filter routes > round-trips a label route with session details [0.14ms]
(pass) route-parser: label filter routes > builds label routes without details [0.03ms]
(pass) route-parser: label filter routes > a stray query tail never leaks into the parsed labelId (slash-segment invariant) [0.02ms]
(pass) route-parser: label filter routes > session ids extracted from label routes stay clean even with a query tail [0.02ms]

apps/electron/src/shared/__tests__/settings-presentation.test.ts:
(pass) settings presentation > covers every registered settings page exactly once [1.46ms]
(pass) settings presentation > filters translated rows without reordering matching pages [0.89ms]
(pass) settings presentation > returns the original ordered rows for a blank query [0.06ms]
(pass) settings presentation > looks up the group for a registered page [0.04ms]
(pass) settings presentation > groups filtered rows and hides empty groups [0.23ms]
(pass) settings presentation > places permissions in Agent after ai (not Application) [0.10ms]

apps/electron/src/shared/__tests__/settings-knowledge.test.ts:
(pass) settings knowledge page > registers exactly one knowledge entry with i18n label keys [0.06ms]
(pass) settings knowledge page > is a valid settings subpage resolvable via getSettingsPage [0.02ms]
(pass) settings knowledge page > round-trips settings/knowledge through the compound route parser [0.04ms]
(pass) settings knowledge page > still rejects unknown settings subpages [0.02ms]
(pass) settings knowledge page > presents local notes as default and does not require an external engine [0.61ms]

apps/electron/src/shared/__tests__/route-parser-tasks.test.ts:
(pass) tasks routes > route builders emit the tasks prefix [0.06ms]
(pass) tasks routes > tasks is a compound route prefix [0.11ms]
(pass) tasks routes > parses bare and detail tasks routes [0.13ms]
(pass) tasks routes > round-trips navigation state and panel keys [0.10ms]

apps/electron/src/shared/__tests__/route-parser-pages.test.ts:
(pass) pages routes > route builders emit the pages prefix [0.13ms]
(pass) pages routes > pages is a compound route prefix [0.04ms]
(pass) pages routes > parses bare pages route (library grid, no auto-selected detail) [0.17ms]
(pass) pages routes > parses page detail route [0.06ms]
(pass) pages routes > rejects malformed pages routes [0.07ms]
(pass) pages routes > round-trips route ⇄ navigation state [0.11ms]
(pass) pages routes > buildCompoundRoute emits pages routes [0.02ms]
(pass) pages routes > round-trips navigation state ⇄ panel key [0.04ms]
(pass) pages routes > automations panel key round-trips (regression: id had a leading slash) [0.02ms]

apps/electron/src/renderer/contexts/__tests__/rox-readiness-ui-001.panel-history.test.ts:
(pass) panel history preserves address delimiters, escapes and geometry through URLSearchParams [0.31ms]
(pass) existing ratio addresses still restore without changing selected entity identities [0.18ms]
(pass) corrupt structured layouts do not invent panel addresses; invalid geometry remains recoverable [2.18ms]
(pass) semantic history keys cannot collide across route or workspace delimiters [0.09ms]

apps/electron/src/renderer/contexts/__tests__/rox-readiness-ui-001.navigation-browser.test.ts:
(skip) UI-001 mounted NavigationProvider raw URL/readiness/history > (unnamed)
(skip) UI-001 mounted NavigationProvider raw URL/readiness/history > initial missing entity never auto-selects an existing chat and survives reload
(skip) UI-001 mounted NavigationProvider raw URL/readiness/history > unknown and malformed routes preserve raw addresses on initial load/reload/deep link
(skip) UI-001 mounted NavigationProvider raw URL/readiness/history > legacy known-root incomplete shapes remain unavailable through auto-selection effects
(skip) UI-001 mounted NavigationProvider raw URL/readiness/history > raw commas, colon suffixes and malformed escapes round-trip within a multi-panel URL
(skip) UI-001 mounted NavigationProvider raw URL/readiness/history > queued nested/encoded raw view and new-panel option are replayed after readiness
(skip) UI-001 mounted NavigationProvider raw URL/readiness/history > queued malformed view survives a session-readiness-only race
(skip) UI-001 mounted NavigationProvider raw URL/readiness/history > actual back/forward, deletion and workspace restoration preserve explicit selection
(skip) UI-001 mounted NavigationProvider raw URL/readiness/history > missing or rejected workspace history targets release suppression and retain current selection
(skip) UI-001 mounted NavigationProvider raw URL/readiness/history > pending workspace history keeps its target during resize and late failure cannot overwrite a newer intent
(skip) UI-001 mounted NavigationProvider raw URL/readiness/history > canonical page broadcasts beat stale list replies and former workspace replies are ignored
(skip) UI-001 mounted NavigationProvider raw URL/readiness/history > popstate received before metadata readiness is reconciled when readiness returns
(skip) UI-001 mounted NavigationProvider raw URL/readiness/history > queued page broadcast from the former A owner cannot publish after A to B to A
(skip) UI-001 mounted NavigationProvider raw URL/readiness/history > blocked popstate retains its exact target through an actual panel resize
(skip) UI-001 mounted NavigationProvider raw URL/readiness/history > workspace restoration waits for full readiness and resize cannot overwrite stored selection
(skip) UI-001 mounted NavigationProvider raw URL/readiness/history > late create replies from former A ownership cannot navigate, prefill or send after A to B to A
(skip) UI-001 mounted NavigationProvider raw URL/readiness/history > already scheduled input and send callbacks retain the original committed owner
(skip) UI-001 mounted NavigationProvider raw URL/readiness/history > new navigation in the same workspace cancels an older deferred create response
(skip) UI-001 mounted NavigationProvider raw URL/readiness/history > actual same-workspace Back cancels an older deferred create response
(skip) UI-001 mounted NavigationProvider raw URL/readiness/history > focusing another existing panel cancels the former panel deferred create response
(skip) UI-001 mounted NavigationProvider raw URL/readiness/history > focus away and back cannot regain an old deferred-create continuation
(skip) UI-001 mounted NavigationProvider raw URL/readiness/history > the current new-panel create retains its own committed focus and delayed prefill
(skip) UI-001 mounted NavigationProvider raw URL/readiness/history > current create actions still navigate, rename, prefill and send using actual callbacks
(skip) UI-001 mounted NavigationProvider raw URL/readiness/history > session-created metadata cannot steal a pending list-route new-chat action and its prefill
(skip) UI-001 mounted NavigationProvider raw URL/readiness/history > retained deep-link listener cannot create or send in a former workspace
(skip) UI-001 mounted NavigationProvider raw URL/readiness/history > retained deep-link listeners stay disposed after workspace ABA and same-workspace readiness reinstall
(skip) UI-001 mounted NavigationProvider raw URL/readiness/history > current deep-link listener retains raw query views and executes current action parameters
(skip) UI-001 mounted NavigationProvider raw URL/readiness/history > remote-only ownership rotation installs a current deep-link listener with stable callbacks
(skip) UI-001 mounted NavigationProvider raw URL/readiness/history > retained remote-owner listeners cannot navigate create or send after remote-only ABA
(skip) UI-001 mounted NavigationProvider raw URL/readiness/history > (unnamed)

apps/electron/src/renderer/contexts/__tests__/navigation-history-key.test.ts:
(pass) buildSemanticHistoryKey > changes when focused panel index changes even if routes are identical [0.04ms]
(pass) buildSemanticHistoryKey > stays stable for identical semantic inputs [0.02ms]
(pass) canRunInitialRestore > returns false until session metadata is ready [0.03ms]
(pass) canRunInitialRestore > returns true only when all restore conditions are satisfied [0.02ms]

apps/electron/src/renderer/contexts/__tests__/navigation-reconcile.test.ts:
(pass) normalizePanelRouteForReconcile > auto-selects session details for filter-only session routes [0.17ms]
(pass) normalizePanelRouteForReconcile > keeps explicit session details unchanged [0.03ms]
(pass) normalizePanelRouteForReconcile > normalizes each session panel route independently [0.07ms]
(pass) normalizePanelRouteForReconcile > keeps route unchanged when resolver leaves state without details [0.02ms]
(pass) normalizePanelRouteForReconcile > keeps non-session routes unchanged with session-only resolver [0.05ms]
(pass) normalizePanelRouteForReconcile > keeps explicit detail route even if resolver tries to rewrite it [0.03ms]
(pass) normalizePanelRouteForReconcile > keeps explicit detail routes distinct across multiple panels [0.03ms]
(pass) auto-selected collection retains opaque view parameters [0.03ms]

apps/electron/src/renderer/lib/__tests__/shell-layout-preferences.test.ts:
(pass) shell layout preferences (ZS-06) > clamps sidebar 180–360 and navigator 240–480 [0.07ms]
(pass) shell layout preferences (ZS-06) > migrates legacy keys without deleting them [1.24ms]
(pass) shell layout preferences (ZS-06) > commit dual-writes snapshot and legacy keys; preview is not a write [0.11ms]
(pass) shell layout preferences (ZS-06) > rejects foreign workspace snapshots and extra schema versions [0.02ms]
(pass) shell layout preferences (ZS-06) > treats a tight-window clamp as derived effective width, not a new preference [0.02ms]
(pass) shell layout preferences (ZS-06) > keyboard debounce is 250ms and cancel prevents the write [95.94ms]
(pass) shell layout preferences (ZS-06) > two workspaces keep independent snapshots [0.15ms]
(pass) side panel defaults (layout v2) > left sidebar and right inspector share one default width [0.35ms]
(pass) side panel defaults (layout v2) > narrows wider stored widths once, keeps narrower ones, expands the rail [1.90ms]
(pass) side panel defaults (layout v2) > narrows workspace snapshots so a later commit cannot restore the old width [0.17ms]
(pass) side panel defaults (layout v2) > leaves narrower user widths and fresh installs untouched [0.06ms]

apps/electron/src/renderer/lib/__tests__/nav-helpers.test.ts:
(pass) isDetailNavState > treats Settings Overview as a compact detail surface [0.06ms]
(pass) isDetailNavState > keeps other navigator semantics [0.05ms]

apps/electron/src/renderer/components/app-shell/__tests__/transport-connection-banner.test.ts:
(pass) shouldShowTransportConnectionBanner > is hidden for null state [0.03ms]
(pass) shouldShowTransportConnectionBanner > is hidden when mode is local [0.12ms]
(pass) shouldShowTransportConnectionBanner > is hidden when remote connection is healthy [0.08ms]
(pass) shouldShowTransportConnectionBanner > is shown when remote connection is reconnecting [0.02ms]
(pass) shouldShowTransportConnectionBanner > is shown when remote connection failed [0.01ms]
(pass) getTransportBannerCopy > maps auth failures to token guidance [2.80ms]
(pass) getTransportBannerCopy > maps reconnecting state to warning with attempt info [0.56ms]

apps/electron/src/renderer/components/app-shell/__tests__/background-finished-chip-clarity.test.ts:
(pass) background finished chip clarity > uses solid fill and hover without backdrop blur [0.52ms]

apps/electron/src/renderer/components/app-shell/__tests__/terminal-cloudrun-hosts-nav.test.ts:
(pass) MainContentPanel terminal + cloud-run hosts (#571) > wires isTerminalNavigation / isCloudRunNavigation to dedicated surface pages [0.19ms]
(pass) MainContentPanel terminal + cloud-run hosts (#571) > never mute-falls terminal/cloud-run through to session.selectConversation [0.09ms]
(pass) MainContentPanel terminal + cloud-run hosts (#571) > leaves browser/extension hosts intact [0.10ms]
(pass) MainContentPanel terminal + cloud-run hosts (#571) > terminal preserves unsupported IDs on unavailable surface with an explicit dock path [0.04ms]
(pass) MainContentPanel terminal + cloud-run hosts (#571) > cloud-run host loads run status or honest unavailable + settings path [0.11ms]
(pass) MainContentPanel terminal + cloud-run hosts (#571) > English and Russian locales keep distinct surface copy [6.15ms]
(pass) MainContentPanel terminal + cloud-run hosts (#571) > all 12 locales define the wired surface keys [38.34ms]

apps/electron/src/renderer/components/app-shell/__tests__/sash-terminal-clearance.test.ts:
(pass) sash terminal clearance > stops resize sashes from drawing through the top bar gap and bottom terminal [0.36ms]
(pass) sash terminal clearance > bounds both shell resize hit areas to the content column and terminal clearance [0.26ms]

apps/electron/src/renderer/components/app-shell/__tests__/sidebar-guidance.test.ts:
(pass) actual sidebar guidance dismissal > dismissal persists only its workspace onboarding preference and returns focus to profile [0.33ms]
(pass) actual sidebar guidance dismissal > captured old-workspace dismissal cannot hide new workspace guidance or steal its focus [0.04ms]
(pass) actual sidebar guidance dismissal > unbound workspace uses the retained default scope; truthy non-boolean preference is not dismissal [0.22ms]
(pass) actual sidebar guidance dismissal > current flat PromoSlot wires the actual dismissal only for onboarding; localized dismiss key already exists [0.25ms]

apps/electron/src/renderer/components/app-shell/__tests__/sidebar-disclosure.test.ts:
(pass) sidebar disclosure helpers (ZS-04) > builds a stable section id from the nav key [1.70ms]
(pass) sidebar disclosure helpers (ZS-04) > treats expandable items with onClick as navigable parents [0.25ms]
(pass) sidebar disclosure helpers (ZS-04) > restores focus to the toggle when it is inside the collapsible body [3.59ms]

apps/electron/src/renderer/components/app-shell/__tests__/sidebar-dashboard.test.ts:
(pass) sidebar dashboard source contracts > localizes the scheduled-automation machine warning [0.24ms]
(pass) sidebar dashboard source contracts > mounts usage cards on the account page, not the sidebar [0.06ms]
(pass) sidebar dashboard source contracts > keeps TopBar session/browser shortcuts as labeled icon buttons [0.07ms]

apps/electron/src/renderer/components/app-shell/__tests__/extension-origin-permissions-presentation.test.ts:
(pass) extension origin and permissions presentation > shows installed origin next to runtime [0.14ms]
(pass) extension origin and permissions presentation > chips marketplace permissions beside GitHub origin and highlights high-risk [0.15ms]
(pass) extension origin and permissions presentation > keeps marketplace kind permissions in a browser-safe helper [0.03ms]

apps/electron/src/renderer/components/app-shell/__tests__/device-status-chip.browser.test.ts:
(skip) real diagnostic chip lifecycle with a native bridge fixture > (unnamed)
(skip) real diagnostic chip lifecycle with a native bridge fixture > does no closed diagnostic reads, loads on opening, switches tabs and stops after closing
(skip) real diagnostic chip lifecycle with a native bridge fixture > (unnamed)

apps/electron/src/renderer/components/app-shell/__tests__/permission-mode-ui.test.ts:
(pass) desktop Overview permission selection > clicks safe for new-empty-session, selects it, and reconciles the persisted version [323.69ms]
(pass) desktop Overview permission selection > clicks safe for active-chat-session, selects it, and reconciles the persisted version [297.73ms]
(pass) desktop Overview permission selection > restores the actual mode when RPC fails before the optimistic UI commits [133.12ms]
(pass) desktop Overview permission selection > rolls back after a failed command and unavailable readback [216.17ms]
(pass) desktop Overview permission selection > restores the last actual mode when both rapid clicks fail offline [104.05ms]
(pass) desktop Overview permission selection > uses the confirmed event as the fallback while a newer click fails [49.62ms]
(pass) desktop Overview permission selection > ignores failure of an older click and stale versioned mode events [70.90ms]
(pass) desktop Overview permission selection > keeps a newer selection when an older readback arrives late [145.05ms]
(pass) desktop Overview permission selection > does not restore host session options after switching to native authority [98.36ms]
(pass) compact Overview permission selection > clicks safe for new-empty-session, selects it, and reconciles the persisted version [108.82ms]
(pass) compact Overview permission selection > clicks safe for active-chat-session, selects it, and reconciles the persisted version [57.75ms]
(pass) compact Overview permission selection > restores the actual mode when RPC fails before the optimistic UI commits [100.94ms]
(pass) compact Overview permission selection > rolls back after a failed command and unavailable readback [62.28ms]
(pass) compact Overview permission selection > restores the last actual mode when both rapid clicks fail offline [110.12ms]
(pass) compact Overview permission selection > uses the confirmed event as the fallback while a newer click fails [140.09ms]
(pass) compact Overview permission selection > ignores failure of an older click and stale versioned mode events [61.76ms]
(pass) compact Overview permission selection > keeps a newer selection when an older readback arrives late [49.27ms]
(pass) compact Overview permission selection > does not restore host session options after switching to native authority [113.68ms]

apps/electron/src/renderer/components/app-shell/__tests__/rox-readiness-ui-001.selected-resource.test.ts:
(pass) UI-001 selected resource canonical callbacks > source deletion wins over an older initial load and does not navigate away [16.09ms]
(pass) UI-001 selected resource canonical callbacks > a malformed source event reports unavailable without throwing [126.98ms]
(pass) UI-001 selected resource canonical callbacks > source read rejection becomes unavailable and recovers from a real subscription callback [47.35ms]
(pass) UI-001 selected resource canonical callbacks > unmount suppresses an obsolete source read and missing capability is explicit [38.61ms]
(pass) UI-001 selected resource canonical callbacks > skill events re-read project/global resolution context and reject an older response [11.60ms]

apps/electron/src/renderer/components/app-shell/__tests__/compact-workspace-navigation.test.ts:
(pass) compact workspace navigation > keeps every registered service reachable without a desktop rail or sidebar [1.69ms]
(pass) compact workspace navigation > selects any open panel and preserves its identity, route, filter and sizing [3.12ms]
(pass) compact workspace navigation > reuses an open service before calling its normal opener [3.14ms]

apps/electron/src/renderer/components/app-shell/__tests__/edit-file-i18n.test.ts:
(pass) composer Edit File action is i18n > AppShell secondaryAction uses common.editFile and skips the English label [0.24ms]
(pass) composer Edit File action is i18n > FreeFormInput secondaryAction uses common.editFile and skips the English label [0.17ms]
(pass) composer Edit File action is i18n > English locale matches the previous hardcoded label [0.99ms]

apps/electron/src/renderer/components/app-shell/__tests__/chat-scroll.browser.test.ts:
(skip) production ChatDisplay private output viewport > (unnamed)
(skip) production ChatDisplay private output viewport > stream output stays in the real nested viewport and leaves outer workspace/window unchanged
(skip) production ChatDisplay private output viewport > focused readers stay on history while output grows; unfocused panels preserve instant follow
(skip) production ChatDisplay private output viewport > hidden document blocks stream and submitted output, and visible reduced-motion follow is instant
(skip) production ChatDisplay private output viewport > focused normal-motion follow stays smooth and both submit/committed user callbacks use the viewport
(skip) production ChatDisplay private output viewport > normal-motion output yields to a real upward wheel gesture and does not pull the reader back
(skip) production ChatDisplay private output viewport > explicit message navigation owns a queued submit follow and keeps its history target
(skip) production ChatDisplay private output viewport > queued submit and obsolete ResizeObserver callbacks cannot follow a replacement A→B→A session
(skip) production ChatDisplay private output viewport > queued callbacks do not scroll after ChatDisplay unmounts
(skip) production ChatDisplay private output viewport > lazy-loaded history keeps its private height anchor and explicit message jumps remain available
(skip) production ChatDisplay private output viewport > (unnamed)

apps/electron/src/renderer/components/app-shell/__tests__/zen-topbar-safe-area.test.ts:
(pass) zenTopBarSafeLeftPx (ZS-03) > does not reserve traffic-light space on webui or non-mac [0.19ms]
(pass) zenTopBarSafeLeftPx (ZS-03) > scales the macOS desktop inset at 100/125/150% zoom [0.14ms]
(pass) zenTopBarSafeLeftPx (ZS-03) > drops the stoplight inset in fullscreen [0.03ms]

apps/electron/src/renderer/components/app-shell/__tests__/home-nav.test.ts:
(pass) Workbench Home nav and surface > seeds Home as a live Mode Bar destination [0.28ms]
(pass) Workbench Home nav and surface > hides the navigator column on the home route [0.35ms]
(pass) Workbench Home nav and surface > renders HomeFrontPage from MainContentPanel on the home navigator [0.04ms]

apps/electron/src/renderer/components/app-shell/__tests__/meetings-nav.test.ts:
(pass) RMA-I012 Meetings nav and surface > registers an enabled meetings destination for the Workbench rail [0.08ms]
(pass) RMA-I012 Meetings nav and surface > wires Meetings into AppShell and MainContentPanel [0.16ms]

apps/electron/src/renderer/components/app-shell/__tests__/panel-workspace.browser.test.ts:
(skip) production persistent panel container and resize > (unnamed)
(skip) production persistent panel container and resize > keeps drafts and panel identities mounted across grid, focus and compact arrangements
(skip) production persistent panel container and resize > commits column and row sizes, restores them after reload and isolates workspace preferences
(skip) production persistent panel container and resize > keeps pointer preview transient and restores it on Escape before a final commit
(skip) production persistent panel container and resize > preserves native spatial focus, while editing, dialogs and composition fence keyboard shortcuts
(skip) production persistent panel container and resize > restores DOM focus after the focused panel closes without remounting surviving drafts
(skip) production persistent panel container and resize > does not steal a surviving editor or toolbar focus when another focused panel closes
(skip) production persistent panel container and resize > leaves modal and composing focus untouched on panel removal
(skip) production persistent panel container and resize > restores focus for the removed tab owner and preserves a newer focus acquired before the frame
(skip) production persistent panel container and resize > rejects malformed or foreign saved layout without losing usable panel geometry
(skip) production persistent panel container and resize > (unnamed)

apps/electron/src/renderer/components/app-shell/__tests__/chrome-leftover-post-960.test.ts:
(pass) ship-rox-chrome-leftover-post-960 > equalizes compact panel bottom inset without magic ±6 [0.66ms]
(pass) ship-rox-chrome-leftover-post-960 > makes chat status lane and browser chrome opaque without blur [0.26ms]
(pass) ship-rox-chrome-leftover-post-960 > aligns FreeFormInput toolbar leftovers to 9px / h-6 [12.85ms]
(pass) ship-rox-chrome-leftover-post-960 > does not reopen inspector strip host from #958/#959 [0.11ms]
(pass) ship-rox-chrome-leftover-post-960 > preserves rounded shell gaps without extra terminal dock margins [0.45ms]

apps/electron/src/renderer/components/app-shell/__tests__/zen-shell-native-browser.test.ts:
(pass) Zen Shell native browser wiring (ZS-07) > hides the native view through visibility leases and the existing syncBounds receiver [0.82ms]

apps/electron/src/renderer/components/app-shell/__tests__/profile-strip-presentation.test.ts:
(pass) ProfileStrip presentation > renders a compact identity trigger instead of persistent XP chrome [0.12ms]
(pass) ProfileStrip presentation > does not present a competing account switcher or secret-bearing actions [0.05ms]

apps/electron/src/renderer/components/app-shell/__tests__/quest-progress-card.browser.test.ts:
(skip) production quest cards in Chromium > (unnamed)
(skip) production quest cards in Chromium > shows three distinct icon cards and a personal competition from actual supplied XP
(skip) production quest cards in Chromium > completes a quest, increases real displayed progress, and retains achievement after browser reload
(skip) production quest cards in Chromium > disables every quest action while a pending completion prevents repeated clicks
(skip) production quest cards in Chromium > retains playable cards on a failed action and retry performs that same action
(skip) production quest cards in Chromium > recovers an initial unavailable profile without pretending an empty quest board
(skip) production quest cards in Chromium > persists snooze and dismiss without XP and keeps the snoozed deadline visible
(skip) production quest cards in Chromium > keeps levels and weekly competition available after every quest is completed
(skip) production quest cards in Chromium > fits 320px and supports keyboard focus and activation
(skip) production quest cards in Chromium > ignores old replies after A → B → A workspace changes
(skip) production quest cards in Chromium > does not refresh or repaint after a pending action resolves following unmount
(skip) production quest cards in Chromium > (unnamed)

apps/electron/src/renderer/components/app-shell/__tests__/workspace-rail.test.ts:
(pass) shouldShowWorkspaceIconRail > is hidden when the setting is disabled [0.04ms]
(pass) shouldShowWorkspaceIconRail > is hidden below the compact viewport breakpoint [0.02ms]
(pass) shouldShowWorkspaceIconRail > is shown at and above the compact viewport breakpoint [0.01ms]
(pass) getTopBarLeftInset > insets the top bar by the rail width only when the rail is visible [0.02ms]
(pass) workspace selector rail event > exports the shared event name used by settings and App

apps/electron/src/renderer/components/app-shell/__tests__/rox-readiness-ui-001.browser.test.ts:
(skip) UI-001 real Chromium component and persistence fixtures > (unnamed)
(skip) UI-001 real Chromium component and persistence fixtures > selected source deletion and recreation preserve workspace and entity address
(skip) UI-001 real Chromium component and persistence fixtures > deletion and foreign-workspace session metadata cannot mount another chat
(skip) UI-001 real Chromium component and persistence fixtures > malformed and unsupported terminal addresses show specific unavailable surfaces
(skip) UI-001 real Chromium component and persistence fixtures > cloud-run lookup failure retries and deletion refreshes the selected address
(skip) UI-001 real Chromium component and persistence fixtures > retry recovers an unavailable selected source through the actual click handler
(skip) UI-001 real Chromium component and persistence fixtures > late resource load cannot replace a new missing address
(skip) UI-001 real Chromium component and persistence fixtures > cloud run switch clears previous content while the new callback is pending
(skip) UI-001 real Chromium component and persistence fixtures > retries rejected lazy imports and keeps the selected route
(skip) UI-001 real Chromium component and persistence fixtures > retries rendering failure and a new route clears a previous error
(skip) UI-001 real Chromium component and persistence fixtures > workspace switch cancels a real pending resize timer before it can persist old geometry
(skip) UI-001 real Chromium component and persistence fixtures > actual localStorage persists valid sizes across reload and other windows
(skip) UI-001 real Chromium component and persistence fixtures > (unnamed)

apps/electron/src/renderer/components/app-shell/__tests__/session-list-families.test.ts:
(pass) SessionList family behavior (date mode) > renders a branch directly below its root [3.33ms]
(pass) SessionList family behavior (date mode) > collapsing a family hides branches but keeps the root [0.30ms]
(pass) SessionList family behavior (date mode) > expanding restores branch rows [0.30ms]
(pass) SessionList family behavior (date mode) > family bucket is determined by the latest activity across members [0.29ms]
(pass) SessionList family behavior (date mode) > a singleton session renders as a plain row (no chevron) [0.16ms]
(pass) SessionList family behavior (date mode) > legacy branch (no branchFromSessionId) renders as a plain chat [0.29ms]
(pass) SessionList family behavior (date mode) > Collapse All includes family keys; Expand All clears them [0.22ms]
(pass) SessionList family behavior (status/unread/project bucketing) > unread mode: whole family lands in the bucket of its latest-activity member [0.04ms]
(pass) SessionList family behavior (status/unread/project bucketing) > project mode: family bucketed by the project of its latest-activity member [0.04ms]
(pass) SessionList family behavior (search mode) > non-matching members are absent; matching branch without root has no chevron [0.11ms]

apps/electron/src/renderer/components/app-shell/__tests__/notes-canonical-navigation.test.ts:
(pass) Notes shell navigation > opens the workspace-local Notes surface instead of a knowledge provider [0.40ms]
(pass) Notes shell navigation > resolves imported chat notes to local Notes, not SiYuan [0.16ms]

apps/electron/src/renderer/components/app-shell/__tests__/toolchain-status-banner.test.ts:
(pass) getToolchainBannerPhase > is hidden without a tool snapshot [0.05ms]
(pass) getToolchainBannerPhase > is hidden while the manager has not started (missing) [0.04ms]
(pass) getToolchainBannerPhase > is hidden when the runtime is ready [0.01ms]
(pass) getToolchainBannerPhase > is hidden when the runtime is usable but outdated [2.43ms]
(pass) getToolchainBannerPhase > is shown while downloading [0.13ms]
(pass) getToolchainBannerPhase > is shown while installing [0.05ms]
(pass) getToolchainBannerPhase > is shown on error and offline [0.04ms]
(pass) toolchainBannerPercent > rounds download progress to whole percents [0.12ms]
(pass) toolchainBannerPercent > clamps into the 0–100 range [0.03ms]
(pass) toolchainBannerPercent > is indeterminate without byte totals [0.04ms]
(pass) getToolchainBannerCopy > reports nothing for phases the banner hides [0.16ms]
(pass) getToolchainBannerCopy > maps downloading to info copy with percent and progress bar [3.29ms]
(pass) getToolchainBannerCopy > maps downloading without totals to indeterminate copy [0.13ms]
(pass) getToolchainBannerCopy > maps installing to info copy without a progress bar [0.06ms]
(pass) getToolchainBannerCopy > maps error to the critical copy with the Toolchain shortcut [0.10ms]
(pass) getToolchainBannerCopy > maps offline to warning copy with the Toolchain shortcut [0.10ms]

apps/electron/src/renderer/components/app-shell/__tests__/invite-bro-chrome.test.ts:
(pass) Позвать Бро session chrome > adds inviteBro next to publication share in desktop and compact menus [0.26ms]
(pass) Позвать Бро session chrome > renders presence avatars under session header controls [0.20ms]

apps/electron/src/renderer/components/app-shell/__tests__/voice-composer.test.ts:
(pass) voice composer and listen wiring > exposes dictation in the composer and listen on turns [1.22ms]

apps/electron/src/renderer/components/app-shell/__tests__/zen-shell-layout-commit.test.ts:
(pass) AppShell layout commit boundary (ZS-06) > loads and commits through the shell-layout adapter, not on pointermove [1.63ms]
(pass) AppShell layout commit boundary (ZS-06) > allows sidebar preferred width up to 360 on the live path [15.14ms]

apps/electron/src/renderer/components/app-shell/__tests__/titlebar-mode-pill.test.ts:
(pass) titlebar mode pill layout > keeps labels when both sides have room [0.10ms]
(pass) titlebar mode pill layout > collapses to icons when the labelled pill would hit a side group [0.02ms]
(pass) titlebar mode pill layout > centers on the window, compensating for the left rail inset [0.02ms]
(pass) titlebar mode pill layout > reserves a gap around the compact pill even when browser tabs exceed their available width [0.02ms]
(pass) titlebar mode pill source contract > renders every mode in one pill with no overflow menu [0.05ms]
(pass) titlebar mode pill source contract > is no-drag and keeps high contrast accessible [0.07ms]
(pass) titlebar mode pill source contract > mounts the pill centered in the titlebar, outside the left group [0.04ms]
(pass) titlebar mode pill source contract > keeps cost/usage out of the titlebar (balance lives in the profile strip) [0.04ms]
(pass) titlebar mode pill source contract > uses the plate-free portrait for the titlebar mark [0.01ms]
(pass) titlebar mode pill source contract > exposes the seven primary surfaces without requiring experimental Workbench chrome [0.02ms]

apps/electron/src/renderer/components/app-shell/__tests__/tasks-nav.test.ts:
(pass) Issue 17 Tasks nav and surface > registers an enabled tasks destination for the Workbench rail [0.39ms]
(pass) Issue 17 Tasks nav and surface > wires Tasks into AppShell and MainContentPanel [0.30ms]

apps/electron/src/renderer/components/app-shell/__tests__/chat-display-branching.test.ts:
(pass) ChatDisplay branching navigation option > defaults to opening in new panel when options are missing [1.21ms]
(pass) ChatDisplay branching navigation option > respects explicit newPanel=false [0.06ms]
(pass) ChatDisplay branching navigation option > respects explicit newPanel=true [0.01ms]

apps/electron/src/renderer/components/app-shell/__tests__/accounts-settings-presentation.test.ts:
(pass) AccountsSettingsPage presentation > does not display raw profile IDs or modes [1.30ms]
(pass) AccountsSettingsPage presentation > gives the Notes section sole ownership of its cloud connection [0.10ms]
(pass) AccountsSettingsPage presentation > keeps the credential value hidden while passing it through the existing identity API [0.13ms]

apps/electron/src/renderer/components/app-shell/__tests__/memory-proposal-card.test.ts:
(pass) Issue 13 memory proposal UI wiring > renders compact blue proposal cards in chat and the memory review [8.66ms]

apps/electron/src/renderer/components/app-shell/__tests__/service-panel-navigation.test.ts:
(pass) actual AppShell service selection over current panel owner > Notes root focuses an existing detailed panel and preserves panel identities/routes/proportions and drafts [0.81ms]
(pass) actual AppShell service selection over current panel owner > malformed selected addresses cannot block the valid root fallback or hide a supported service panel [0.64ms]
(pass) actual AppShell service selection over current panel owner > same-service focus is preferred among multiple matching panels; absent service navigates current registry route [0.21ms]
(pass) actual AppShell service selection over current panel owner > explicit source subcategory and settings subpage preserve navigation; compact bare Settings keeps drill-in [0.21ms]
(pass) actual AppShell service selection over current panel owner > every current root service has fallback through its existing registry; Connections inline selection shares the same callback [0.28ms]

apps/electron/src/renderer/components/app-shell/__tests__/zen-shell-splitter.test.ts:
(pass) Zen Shell splitter wiring (ZS-05) > uses ResizeHandle and pointer capture rather than document mousemove [1.64ms]

apps/electron/src/renderer/components/app-shell/__tests__/transfer-targets.test.ts:
(pass) getTransferTargets > offers every workspace except the active one, local and remote alike [0.26ms]
(pass) getTransferTargets > includes local workspaces when the active workspace is remote (remote → local send) [0.15ms]
(pass) getTransferTargets > offers everything when no active workspace is known [0.04ms]
(pass) hasTransferTargets > is false with a single (active-only) workspace [0.05ms]
(pass) hasTransferTargets > is true with two local workspaces — no remote required [0.03ms]
(pass) hasTransferTargets > handles missing workspace lists [0.03ms]

apps/electron/src/renderer/components/app-shell/__tests__/module-home-nav.test.ts:
(pass) module home navigator parity (Memory/Tasks/Meetings/Projects/Pages) > collapses the middle navigator for all five module homes [0.58ms]
(pass) module home navigator parity (Memory/Tasks/Meetings/Projects/Pages) > hosts PagesHome-pattern surfaces in main content [0.22ms]

apps/electron/src/renderer/components/app-shell/__tests__/ChatDisplay.follow-ups.test.ts:
(pass) formatFollowUpSection — the OSS #580 regression > preserves a >1000-char quote verbatim (no truncation to 280) [0.20ms]
(pass) formatFollowUpSection — the OSS #580 regression > collapses multiline quotes to a single line (required by round-trip parser) [0.02ms]
(pass) formatFollowUpSection — the OSS #580 regression > emits the canonical `> [#N] <quote>\n→ <note>` shape for a single follow-up [0.02ms]
(pass) formatFollowUpSection — the OSS #580 regression > numbers multiple follow-ups sequentially [0.03ms]
(pass) formatFollowUpSection — the OSS #580 regression > returns an empty string when no follow-ups are pending [0.01ms]
(pass) formatFollowUpSection — the OSS #580 regression > respects includeTopSeparator=false (used when there is no base message) [0.02ms]
(pass) formatFollowUpSection — the OSS #580 regression > prepends a `---` separator by default (used under a base message) [0.01ms]
(pass) normalizeFollowUpsMarkdown — round-trip parser > round-trips a long-quote message unchanged [0.41ms]
(pass) normalizeFollowUpsMarkdown — round-trip parser > renumbers items when called on a message with wrong indices [0.06ms]
(pass) normalizeFollowUpsMarkdown — round-trip parser > returns the input unchanged if no follow-up heading is present [0.03ms]
(pass) truncateForChipTooltip > returns input unchanged when below the cap [0.04ms]
(pass) truncateForChipTooltip > truncates with ellipsis when over the cap [0.02ms]
(pass) truncateForChipTooltip > collapses whitespace before measuring length [0.01ms]

apps/electron/src/renderer/components/app-shell/__tests__/message-actions.browser.test.ts:
(skip) production message actions with persisted synthetic RPC > (unnamed)
(skip) production message actions with persisted synthetic RPC > shows the requested action order on both user and assistant messages, including compact mode
(skip) production message actions with persisted synthetic RPC > likes its own message through the real annotation RPC and retains/removes the reaction after reload
(skip) production message actions with persisted synthetic RPC > toggles the authenticated user’s own reaction on an assistant answer without duplicating it
(skip) production message actions with persisted synthetic RPC > keeps likes disabled when identity fails and retries when the app gains focus
(skip) production message actions with persisted synthetic RPC > copies, quotes and directly listens to the selected message with a visible stop control
(skip) production message actions with persisted synthetic RPC > creates a usable own-message branch via the real creation RPC and continues the child dialogue
(skip) production message actions with persisted synthetic RPC > forks an assistant answer with its complete earlier context
(skip) production message actions with persisted synthetic RPC > opens a side-thread prompt for the chosen user message and keeps canonical provenance
(skip) production message actions with persisted synthetic RPC > (unnamed)

apps/electron/src/renderer/components/app-shell/__tests__/connections-nav.test.ts:
(pass) CF-6.2 Connections nav and surface > registers an enabled connections destination for the Workbench rail [0.08ms]
(pass) CF-6.2 Connections nav and surface > exposes Connections in the single primary sidebar using the canonical route [0.40ms]
(pass) CF-6.2 Connections nav and surface > renders ConnectionsPage from MainContentPanel on the connections navigator [0.19ms]

apps/electron/src/renderer/components/app-shell/__tests__/native-surface-owners.browser.test.ts:
(skip) production native surface renderer ownership > (unnamed)
(skip) production native surface renderer ownership > hidden/released duplicate hosts cannot hide their visible sibling, while clipping hides the selected host
(skip) production native surface renderer ownership > retains a typed draft through responsive hiding, restores geometry and suppresses overlays
(skip) production native surface renderer ownership > releases an inspector attachment arriving after close without hiding a sibling surface
(skip) production native surface renderer ownership > ignores an obsolete attachment failure after a newer open succeeds
(skip) production native surface renderer ownership > preserves imported-cookie consent controls and routes explicit opt-in to a private instance
(skip) production native surface renderer ownership > (unnamed)

apps/electron/src/renderer/components/app-shell/__tests__/chat-scroll.test.ts:
(pass) owned chat viewport output follow > scrolls only the owned viewport with the source focused/unfocused motion policy [0.26ms]
(pass) owned chat viewport output follow > respects reduced motion and refuses hidden, unstuck, zero-sized and disconnected output [0.35ms]

apps/electron/src/renderer/components/app-shell/__tests__/projects-home-loaded.test.ts:
(pass) Projects home loaded DTO boundary > renders the loaded project store without the session-picker projection [107.10ms]
(pass) Projects home loaded DTO boundary > renders an empty loaded store without inventing a project DTO [25.96ms]
(pass) Projects home current workspace and explicit source > explicit loaded DTOs take precedence over the isolated atom source [11.89ms]
(pass) Projects home current workspace and explicit source > an explicit empty result remains empty even when the atom has projects [11.62ms]
(pass) Projects home current workspace and explicit source > atom fallback rejects another workspace before rendering the list [25.69ms]
(pass) Projects home current workspace and explicit source > explicit input also rejects previous workspace rows [10.21ms]
(pass) Projects home current workspace and explicit source > an absent active workspace renders no previously loaded project [2.99ms]

apps/electron/src/renderer/components/app-shell/__tests__/account-menu-presentation.test.ts:
(pass) AccountMenu presentation mode > uses a nested Drawer when compact is true [0.09ms]
(pass) AccountMenu presentation mode > keeps DropdownMenu on the desktop (!compact) path only [0.05ms]
(pass) AccountMenu presentation mode > loads Identity Center state via identityGetState and getCredentialHealth [0.08ms]
(pass) AccountMenu presentation mode > exposes four Identity Center sections on both compact and desktop surfaces [0.17ms]
(pass) AccountMenu presentation mode > does not present secrets or a second account switcher [0.20ms]

apps/electron/src/renderer/components/app-shell/__tests__/quest-progress-card.test.ts:
(pass) quest progress card > is not mounted on Home (no promo carousel) and never blocks core chrome [1.37ms]
(pass) quest progress card > rates sessions with 👍/👎 from the session menu, not a composer scale [1.62ms]

apps/electron/src/renderer/components/app-shell/__tests__/rox-readiness-ui-001.browser-lifecycle.test.ts:
(pass) UI-001 canonical browser address lifecycle > missing lookup belongs to the requested ID [14.92ms]
(pass) UI-001 canonical browser address lifecycle > removal supersedes a pending canonical lookup and detached callbacks [17.66ms]
(pass) UI-001 canonical browser address lifecycle > transport error is unavailable and a disposed request cannot replace another route [51.16ms]

apps/electron/src/renderer/components/app-shell/__tests__/resize-math.test.ts:
(pass) solveSplit (ZS-05) > clamps A=500 B=500 min=440 delta=200 to A=560 B=440 [0.12ms]
(pass) solveSplit (ZS-05) > returns infeasible instead of negative widths when T=800 and both mins are 440 [0.19ms]
(pass) solveSplit (ZS-05) > rejects non-finite input [0.42ms]
(pass) solveSplit (ZS-05) > equal split respects mins [0.11ms]
(pass) resize controller (ZS-05) > coalesces 1000 moves into one preview and zero commits until pointerup [7.07ms]
(pass) resize controller (ZS-05) > cancel restores the snapshot and ignores a second cleanup [1.26ms]
(pass) resize controller (ZS-05) > cancels when neighbor ids change [0.60ms]
(pass) sash geometry (ZS-05) > uses a 12px hit area and 2px line, 24px on coarse pointers [0.04ms]

apps/electron/src/renderer/components/app-shell/__tests__/main-content-panel-bulk.test.ts:
(pass) MainContentPanel sessions bulk UI > does not mount the legacy MultiSelectPanel in the sessions branch [0.85ms]
(pass) MainContentPanel sessions bulk UI > keeps CollectionBulkBar mounted for sessions list/chat content [0.03ms]
(pass) MainContentPanel sessions bulk UI > keeps MultiSelectPanel for sources, skills, and automations [0.07ms]

apps/electron/src/renderer/components/app-shell/__tests__/sources-list-groups.test.ts:
(pass) P35-08 sources UI split and notification default > groups microservices vs MCP in the sources list when unfiltered [0.24ms]
(pass) P35-08 sources UI split and notification default > splits default-source toggles into microservices vs MCP [0.11ms]
(pass) P35-08 sources UI split and notification default > defaults background-session notifications on [0.16ms]

apps/electron/src/renderer/components/app-shell/__tests__/zen-shell-disclosure.test.ts:
(pass) Zen Shell sidebar disclosure (ZS-04) > extracts a disclosure primitive with aria-expanded/controls [0.06ms]
(pass) Zen Shell sidebar disclosure (ZS-04) > uses sibling navigation + disclosure for navigable parents [0.21ms]
(pass) Zen Shell sidebar disclosure (ZS-04) > does not nest a clickable span inside the nav button [0.51ms]

apps/electron/src/renderer/components/app-shell/__tests__/session-join-ui.test.ts:
(pass) Join session dialog behavior > invalidates a delayed join across A → B → A without loading, navigation or a success toast [21.10ms]
(pass) Join session dialog behavior > keeps the join form while an unrelated publication completes during its pending request [87.83ms]
(pass) Join session dialog behavior > ignores a delayed join after the host is unmounted [41.52ms]
(pass) Join session dialog behavior > opens a remote published transcript for viewing without creating an editable session or switching local workspace [16.76ms]
(pass) Join session dialog behavior > switches workspace and opens actual loaded session after workspace restoration before showing success [73.46ms]
(pass) Join session dialog behavior > opens a session in the current workspace without switching [38.35ms]
(pass) Join session dialog behavior > keeps a deleted-target denial visible without loading, navigation or success [8.65ms]
(pass) Join session dialog behavior > does not report success if the actual session disappears after acceptance [15.34ms]
(pass) Join session dialog behavior > keeps a failed workspace switch recoverable instead of navigating the old workspace [8.26ms]
(pass) Join session dialog behavior > rejects inconsistent target workspace data before a switch [12.73ms]

apps/electron/src/renderer/components/app-shell/__tests__/zen-topbar.test.ts:
(pass) Zen Shell top bar (ZS-03) > uses native traffic-light safe area and does not draw HTML stoplights [0.50ms]
(pass) Zen Shell top bar (ZS-03) > wires shell history to onBack/onForward and AppMenu [0.11ms]
(pass) Zen Shell top bar (ZS-03) > keeps interactive controls out of the drag region [0.01ms]

apps/electron/src/renderer/components/app-shell/__tests__/new-session-filter-inheritance.test.ts:
(pass) new session filter inheritance > inherits a sole included status, label, or project [0.28ms]
(pass) new session filter inheritance > does not inherit an excluded status, label, or project [0.08ms]
(pass) new session filter inheritance > ignores excluded filters when resolving a sole included filter [0.03ms]
(pass) new session filter inheritance > falls back to defaults when there are no included filters [0.01ms]
(pass) new session filter inheritance > falls back to defaults when multiple included filters are active [0.02ms]

apps/electron/src/renderer/components/app-shell/__tests__/premium-menu-chrome-hygiene.test.ts:
(pass) Issue 04 chrome hygiene > keeps AppShell on StyledDropdown [1.34ms]
(pass) Issue 04 chrome hygiene > keeps BrowserTabStrip on StyledDropdown [0.56ms]

apps/electron/src/renderer/components/app-shell/__tests__/sidebar-rail-preference.test.ts:
(pass) actual combined sidebar preference and rail geometry > restores, toggles, persists, and reloads the sidebar on sessions [80.91ms]
(pass) actual combined sidebar preference and rail geometry > restores, toggles, persists, and reloads the sidebar on meetings [16.14ms]
(pass) actual combined sidebar preference and rail geometry > restores, toggles, persists, and reloads the sidebar on settings [21.65ms]
(pass) actual combined sidebar preference and rail geometry > restores, toggles, persists, and reloads the sidebar on home [15.91ms]
(pass) actual combined sidebar preference and rail geometry > restores, toggles, persists, and reloads the sidebar on tasks [17.02ms]
(pass) actual combined sidebar preference and rail geometry > restores, toggles, persists, and reloads the sidebar on notes [17.89ms]
(pass) actual combined sidebar preference and rail geometry > restores, toggles, persists, and reloads the sidebar on projects [19.83ms]
(pass) actual combined sidebar preference and rail geometry > restores, toggles, persists, and reloads the sidebar on pages [19.72ms]
(pass) actual combined sidebar preference and rail geometry > restores, toggles, persists, and reloads the sidebar on knowledge [28.29ms]
(pass) actual combined sidebar preference and rail geometry > restores, toggles, persists, and reloads the sidebar on connections [59.63ms]
(pass) actual combined sidebar preference and rail geometry > restores, toggles, persists, and reloads the sidebar on search [34.31ms]
(pass) actual combined sidebar preference and rail geometry > restores, toggles, persists, and reloads the sidebar on screen [156.40ms]
(pass) actual combined sidebar preference and rail geometry > explicit focus and automatic compact suppression preserve the saved sidebar choice [30.99ms]
(pass) actual combined sidebar preference and rail geometry > the primary sidebar suppresses duplicate rail geometry for every flag and collapse state [144.51ms]

apps/electron/src/renderer/components/app-shell/__tests__/session-row-click.test.ts:
(pass) sessionRowClickTarget > sends title/row clicks to chat and status clicks to the board card [0.04ms]
(pass) boardCardRoute > encodes board/session/{id} [0.02ms]

apps/electron/src/renderer/components/app-shell/__tests__/main-content-panel-browser-i18n.test.ts:
(pass) MainContentPanel browser empty state is i18n > uses browser.noInstanceSelected and skips the English defaultValue leftover [0.20ms]
(pass) MainContentPanel browser empty state is i18n > English locale keeps the previous empty-state copy [0.92ms]
(pass) MainContentPanel browser empty state is i18n > Russian copy is distinct from English [1.09ms]
(pass) MainContentPanel browser empty state is i18n > all 12 locales already define the wired browser empty-state key [53.83ms]

apps/electron/src/renderer/components/app-shell/__tests__/background-task-chip-state.test.ts:
(pass) background task chip lifecycle > keeps a recently signaled running task unchanged [0.23ms]
(pass) background task chip lifecycle > marks a no-signal running task stale without claiming completion [0.05ms]
(pass) background task chip lifecycle > does not auto-prune stale tasks [0.03ms]
(pass) background task chip lifecycle > retains and prunes terminal states using their existing linger windows [0.06ms]
(pass) background task chip lifecycle > restores a stale task to running when progress resumes [0.03ms]
(pass) background task chip lifecycle > does not resurrect terminal tasks on late progress [0.01ms]
(pass) background task chip lifecycle > turn teardown converts both running and stale tasks to true orphaned state [0.06ms]

apps/electron/src/renderer/components/app-shell/__tests__/sidebar-keyboard.test.ts:
(pass) single sidebar keyboard navigation > moves from portalled filters to the next visible control and skips folded controls [1.23ms]
(pass) single sidebar keyboard navigation > leaves Tab to native traversal within the sidebar [0.06ms]
(pass) single sidebar keyboard navigation > skips inert closing-animation content even while it has layout rectangles [0.05ms]
(pass) single sidebar keyboard navigation > skips closed native disclosure content even when Chromium keeps nonempty layout rectangles [0.14ms]
(pass) single sidebar keyboard navigation > reserves unmodified numbered platform shortcuts for surfaces with no duplicate defaults [0.15ms]

apps/electron/src/renderer/components/app-shell/__tests__/shell-width-clamp.test.ts:
(pass) clampShellColumns > keeps restored widths when the center already has its minimum [0.09ms]
(pass) clampShellColumns > narrows the list first, then the sidebar [0.03ms]
(pass) clampShellColumns > stops at the column minimums in genuinely narrow windows [0.01ms]
(pass) clampShellColumns > ignores hidden columns and unmeasured shells [0.02ms]

apps/electron/src/renderer/components/app-shell/__tests__/rox-readiness-ui-001.workspace-recovery.test.ts:
(pass) ROX UI-001 actual AppShell workspace callbacks > ignores late sources responses after workspace/directory change [49.50ms]
(pass) ROX UI-001 actual AppShell workspace callbacks > keeps a live sources deletion ahead of a pending initial snapshot [21.74ms]
(pass) ROX UI-001 actual AppShell workspace callbacks > ignores late skills responses after workspace/directory change [32.97ms]
(pass) ROX UI-001 actual AppShell workspace callbacks > keeps a live skills deletion ahead of a pending initial snapshot [14.12ms]
(pass) ROX UI-001 actual AppShell workspace callbacks > keeps project and OMP skills when a workspace-only event invalidates the full catalog [20.98ms]
(pass) ROX UI-001 actual AppShell workspace callbacks > accepts only the newest scoped skill refresh after consecutive workspace events [18.74ms]
(pass) ROX UI-001 actual AppShell workspace callbacks > retains the complete skill catalog through a failed refresh and accepts a later recovery [18.57ms]
(pass) ROX UI-001 actual AppShell workspace callbacks > recovers from request rejection and unmount without installing stale data [17.05ms]
(pass) ROX UI-001 actual AppShell workspace callbacks > restores workspace geometry before an old pending keyboard resize can commit [21.02ms]
(pass) ROX UI-001 workspace persistence isolation > does not save old viewFilters over the next workspace during restoration [21.23ms]
(pass) ROX UI-001 workspace persistence isolation > does not save old collapsedSidebarItems over the next workspace during restoration [50.88ms]

apps/electron/src/renderer/components/app-shell/__tests__/rox-readiness-ui-001.workspace-history-switch.test.ts:
(pass) actual App rejects a deleted workspace slug without requesting a switch [1.48ms]
(pass) actual App confirms a history switch only after its asynchronous operation finishes [0.14ms]
(pass) actual App propagates a failed workspace operation to NavigationProvider recovery [0.15ms]

apps/electron/src/renderer/components/app-shell/__tests__/composer-toolbar-type.test.ts:
(pass) composer toolbar type > uses 9px on context badge and chrome CSS override for toolbar buttons [4.47ms]

apps/electron/src/renderer/components/app-shell/__tests__/zen-shell-roles.test.ts:
(pass) Zen Shell chrome/content roles (ZS-02) > marks top bar and sidebar as chrome and panels as opaque content [0.81ms]

apps/electron/src/renderer/components/app-shell/__tests__/rox-readiness-ui-001.route-recovery.test.ts:
(pass) ROX UI-001 actual MainContentPanel dispatch > dispatches allSessions/session/session-one with its own selected entity [10.97ms]
(pass) ROX UI-001 actual MainContentPanel dispatch > dispatches sources/source/source-one with its own selected entity [6.38ms]
(pass) ROX UI-001 actual MainContentPanel dispatch > dispatches skills/skill/skill-one with its own selected entity [0.41ms]
(pass) ROX UI-001 actual MainContentPanel dispatch > dispatches projects/project/project-one with its own selected entity [0.98ms]
(pass) ROX UI-001 actual MainContentPanel dispatch > dispatches notes/note/note-one with its own selected entity [0.86ms]
(pass) ROX UI-001 actual MainContentPanel dispatch > dispatches pages/page/page-one with its own selected entity [0.40ms]
(pass) ROX UI-001 actual MainContentPanel dispatch > dispatches knowledge/document/knowledge-one with its own selected entity [0.91ms]
(pass) ROX UI-001 actual MainContentPanel dispatch > dispatches extension/extension-one/view-one with its own selected entity [1.32ms]
(pass) ROX UI-001 actual MainContentPanel dispatch > dispatches terminal/terminal-one with its own selected entity [0.84ms]
(pass) ROX UI-001 actual MainContentPanel dispatch > dispatches cloud-run/run-one with its own selected entity [0.95ms]
(pass) ROX UI-001 actual MainContentPanel dispatch > dispatches dossier/item/item-one with its own selected entity [0.48ms]
(pass) ROX UI-001 actual MainContentPanel dispatch > dispatches radar/item/item-one with its own selected entity [0.70ms]
(pass) ROX UI-001 actual MainContentPanel dispatch > dispatches decisions/item/item-one with its own selected entity [0.66ms]
(pass) ROX UI-001 actual MainContentPanel dispatch > dispatches agents/item/item-one with its own selected entity [0.42ms]
(pass) ROX UI-001 actual MainContentPanel dispatch > dispatches focus/item/item-one with its own selected entity [0.28ms]
(pass) ROX UI-001 actual MainContentPanel dispatch > renders an explicit unavailable state for an unsupported navigation state [0.32ms]

apps/electron/src/renderer/components/app-shell/__tests__/radius-everywhere.test.ts:
(pass) one-surface shell > rounded panels sit on a 4px gap/inset grid [1.77ms]
(pass) one-surface shell > renders sidebar and navigator as flush panes with a hairline divider [0.15ms]
(pass) one-surface shell > content panels are flush, divided only in split view [0.03ms]
(pass) one-surface shell > activity rail and inspector are flush with dividers, not boxes [0.07ms]
(pass) one-surface shell > account card is a flat row (no rox-card outline) [0.01ms]
(pass) one-surface shell > defines divider tokens for standard and high contrast [0.18ms]

apps/electron/src/renderer/components/app-shell/__tests__/voice-dictation.browser.test.ts:
(skip) voice dictation production renderer DOM > (unnamed)
(skip) voice dictation production renderer DOM > consumes STOP once and appends the returned paragraphs to the latest edited draft
(skip) voice dictation production renderer DOM > asks for cloud upload consent at first use and starts only after the saved grant
(skip) voice dictation production renderer DOM > closing the consent dialog leaves capture and audio upload untouched
(skip) voice dictation production renderer DOM > late consent success after unmount cannot start a microphone capture
(skip) voice dictation production renderer DOM > unmount stops microphone tracks while permission is pending and its late grant cannot start a recorder
(skip) voice dictation production renderer DOM > synchronous double toggle starts only one capture while microphone access is pending
(skip) voice dictation production renderer DOM > a microphone startup failure restores the enabled control and allows a successful retry
(skip) voice dictation production renderer DOM > idle unmount does not cancel another host job and the control can remount
(skip) voice dictation production renderer DOM > a denied CANCEL cannot hide the original startup failure or prevent a successful retry
(skip) voice dictation production renderer DOM > a late owned START after unmount tolerates denied CANCEL without granting or starting a recorder
(skip) voice dictation production renderer DOM > a denied user CANCEL stops local recording, discards its audio and allows another capture
(skip) voice dictation production renderer DOM > uploads audio larger than 4 MiB as exact 1 MiB frames and consumes one STOP transcript into the current draft
(skip) voice dictation production renderer DOM > pairs push-to-talk once and consumes the current single-STOP transcript
(skip) voice dictation production renderer DOM > release while the microphone prompt is pending stops late tracks without starting or cancelling a host job
(skip) voice dictation production renderer DOM > release during pending Start immediately closes the microphone and fences late capture
(skip) voice dictation production renderer DOM > release during pending Grant immediately closes the microphone and fences late capture
(skip) voice dictation production renderer DOM > a refused START cleans acquired tracks without cancelling another host job
(skip) voice dictation production renderer DOM > unmount cancels the owned request and discards a late STOP transcript
(skip) voice dictation production renderer DOM > explicit clipboard completion uses the current local port and preserves the draft
(skip) voice dictation production renderer DOM > refused clipboard completion preserves the draft and reports the delivery failure
(skip) voice dictation production renderer DOM > the explicit trailing-space preference applies to both current draft and clipboard completion
(skip) voice dictation production renderer DOM > (unnamed)

apps/electron/src/renderer/components/app-shell/__tests__/compact-session-list-filter.test.ts:
(pass) session list grouping chrome > hides the leftover compact groupingMode cycle (date/status/unread) [0.16ms]
(pass) session list grouping chrome > leaves CollectionGroupByMenu as the grouping control in collection chrome [0.04ms]

apps/electron/src/renderer/components/app-shell/__tests__/topbar-shortcuts.test.ts:
(pass) TopBar navigation cutover > leaves keyboard shortcut discovery to Settings instead of rendering a duplicate button [0.06ms]
(pass) TopBar navigation cutover > forwards Settings subpage navigation to the canonical AppMenu route [0.02ms]
(pass) TopBar navigation cutover > keeps the compact left sidebar control wired to its existing callback [0.03ms]
(pass) TopBar navigation cutover > exposes bottom-terminal toggle in TopBar whenever the inspector toggle is shown [0.04ms]
(pass) TopBar navigation cutover > toggles the right inspector and restores fully collapsed chrome [0.09ms]
(pass) TopBar navigation cutover > exposes a dedicated Map affordance for the focused session [0.16ms]
(pass) TopBar navigation cutover > does not retain the legacy TopBar What’s New action [0.19ms]
(pass) TopBar navigation cutover > does not keep update checks on the ProfileStrip [0.02ms]
(pass) TopBar navigation cutover > uses dedicated session and browser actions instead of a generic plus menu [0.08ms]

apps/electron/src/renderer/components/app-shell/__tests__/error-message-actions.test.ts:
(pass) handleErrorMessageAction > routes retry through the session-scoped focus handler [0.43ms]
(pass) handleErrorMessageAction > opens the provided URL for open_url actions [0.03ms]
(pass) handleErrorMessageAction > calls onRetry instead of onRetryFocus when provided [0.03ms]
(pass) handleErrorMessageAction > runs the settings handler for settings actions [0.02ms]

apps/electron/src/renderer/components/app-shell/__tests__/notes-local-entrypoints.test.ts:
(pass) local Notes entry points > wires the primary shell sidebar and keyboard navigation to Notes [2.21ms]
(pass) local Notes entry points > uses the canonical local Notes route from both rail entry points [0.07ms]
(pass) local Notes entry points > loads the local Markdown Notes surface without a knowledge-engine API [0.08ms]

apps/electron/src/renderer/components/app-shell/__tests__/profile-strip-accessibility.test.tsx:
(pass) ProfileStrip preserves its translated accessibility contracts in isolation [176.56ms]

120 tests skipped:
(skip) UI-001 mounted NavigationProvider raw URL/readiness/history > (unnamed)
(skip) UI-001 mounted NavigationProvider raw URL/readiness/history > initial missing entity never auto-selects an existing chat and survives reload
(skip) UI-001 mounted NavigationProvider raw URL/readiness/history > unknown and malformed routes preserve raw addresses on initial load/reload/deep link
(skip) UI-001 mounted NavigationProvider raw URL/readiness/history > legacy known-root incomplete shapes remain unavailable through auto-selection effects
(skip) UI-001 mounted NavigationProvider raw URL/readiness/history > raw commas, colon suffixes and malformed escapes round-trip within a multi-panel URL
(skip) UI-001 mounted NavigationProvider raw URL/readiness/history > queued nested/encoded raw view and new-panel option are replayed after readiness
(skip) UI-001 mounted NavigationProvider raw URL/readiness/history > queued malformed view survives a session-readiness-only race
(skip) UI-001 mounted NavigationProvider raw URL/readiness/history > actual back/forward, deletion and workspace restoration preserve explicit selection
(skip) UI-001 mounted NavigationProvider raw URL/readiness/history > missing or rejected workspace history targets release suppression and retain current selection
(skip) UI-001 mounted NavigationProvider raw URL/readiness/history > pending workspace history keeps its target during resize and late failure cannot overwrite a newer intent
(skip) UI-001 mounted NavigationProvider raw URL/readiness/history > canonical page broadcasts beat stale list replies and former workspace replies are ignored
(skip) UI-001 mounted NavigationProvider raw URL/readiness/history > popstate received before metadata readiness is reconciled when readiness returns
(skip) UI-001 mounted NavigationProvider raw URL/readiness/history > queued page broadcast from the former A owner cannot publish after A to B to A
(skip) UI-001 mounted NavigationProvider raw URL/readiness/history > blocked popstate retains its exact target through an actual panel resize
(skip) UI-001 mounted NavigationProvider raw URL/readiness/history > workspace restoration waits for full readiness and resize cannot overwrite stored selection
(skip) UI-001 mounted NavigationProvider raw URL/readiness/history > late create replies from former A ownership cannot navigate, prefill or send after A to B to A
(skip) UI-001 mounted NavigationProvider raw URL/readiness/history > already scheduled input and send callbacks retain the original committed owner
(skip) UI-001 mounted NavigationProvider raw URL/readiness/history > new navigation in the same workspace cancels an older deferred create response
(skip) UI-001 mounted NavigationProvider raw URL/readiness/history > actual same-workspace Back cancels an older deferred create response
(skip) UI-001 mounted NavigationProvider raw URL/readiness/history > focusing another existing panel cancels the former panel deferred create response
(skip) UI-001 mounted NavigationProvider raw URL/readiness/history > focus away and back cannot regain an old deferred-create continuation
(skip) UI-001 mounted NavigationProvider raw URL/readiness/history > the current new-panel create retains its own committed focus and delayed prefill
(skip) UI-001 mounted NavigationProvider raw URL/readiness/history > current create actions still navigate, rename, prefill and send using actual callbacks
(skip) UI-001 mounted NavigationProvider raw URL/readiness/history > session-created metadata cannot steal a pending list-route new-chat action and its prefill
(skip) UI-001 mounted NavigationProvider raw URL/readiness/history > retained deep-link listener cannot create or send in a former workspace
(skip) UI-001 mounted NavigationProvider raw URL/readiness/history > retained deep-link listeners stay disposed after workspace ABA and same-workspace readiness reinstall
(skip) UI-001 mounted NavigationProvider raw URL/readiness/history > current deep-link listener retains raw query views and executes current action parameters
(skip) UI-001 mounted NavigationProvider raw URL/readiness/history > remote-only ownership rotation installs a current deep-link listener with stable callbacks
(skip) UI-001 mounted NavigationProvider raw URL/readiness/history > retained remote-owner listeners cannot navigate create or send after remote-only ABA
(skip) UI-001 mounted NavigationProvider raw URL/readiness/history > (unnamed)
(skip) real diagnostic chip lifecycle with a native bridge fixture > (unnamed)
(skip) real diagnostic chip lifecycle with a native bridge fixture > does no closed diagnostic reads, loads on opening, switches tabs and stops after closing
(skip) real diagnostic chip lifecycle with a native bridge fixture > (unnamed)
(skip) production ChatDisplay private output viewport > (unnamed)
(skip) production ChatDisplay private output viewport > stream output stays in the real nested viewport and leaves outer workspace/window unchanged
(skip) production ChatDisplay private output viewport > focused readers stay on history while output grows; unfocused panels preserve instant follow
(skip) production ChatDisplay private output viewport > hidden document blocks stream and submitted output, and visible reduced-motion follow is instant
(skip) production ChatDisplay private output viewport > focused normal-motion follow stays smooth and both submit/committed user callbacks use the viewport
(skip) production ChatDisplay private output viewport > normal-motion output yields to a real upward wheel gesture and does not pull the reader back
(skip) production ChatDisplay private output viewport > explicit message navigation owns a queued submit follow and keeps its history target
(skip) production ChatDisplay private output viewport > queued submit and obsolete ResizeObserver callbacks cannot follow a replacement A→B→A session
(skip) production ChatDisplay private output viewport > queued callbacks do not scroll after ChatDisplay unmounts
(skip) production ChatDisplay private output viewport > lazy-loaded history keeps its private height anchor and explicit message jumps remain available
(skip) production ChatDisplay private output viewport > (unnamed)
(skip) production persistent panel container and resize > (unnamed)
(skip) production persistent panel container and resize > keeps drafts and panel identities mounted across grid, focus and compact arrangements
(skip) production persistent panel container and resize > commits column and row sizes, restores them after reload and isolates workspace preferences
(skip) production persistent panel container and resize > keeps pointer preview transient and restores it on Escape before a final commit
(skip) production persistent panel container and resize > preserves native spatial focus, while editing, dialogs and composition fence keyboard shortcuts
(skip) production persistent panel container and resize > restores DOM focus after the focused panel closes without remounting surviving drafts
(skip) production persistent panel container and resize > does not steal a surviving editor or toolbar focus when another focused panel closes
(skip) production persistent panel container and resize > leaves modal and composing focus untouched on panel removal
(skip) production persistent panel container and resize > restores focus for the removed tab owner and preserves a newer focus acquired before the frame
(skip) production persistent panel container and resize > rejects malformed or foreign saved layout without losing usable panel geometry
(skip) production persistent panel container and resize > (unnamed)
(skip) production quest cards in Chromium > (unnamed)
(skip) production quest cards in Chromium > shows three distinct icon cards and a personal competition from actual supplied XP
(skip) production quest cards in Chromium > completes a quest, increases real displayed progress, and retains achievement after browser reload
(skip) production quest cards in Chromium > disables every quest action while a pending completion prevents repeated clicks
(skip) production quest cards in Chromium > retains playable cards on a failed action and retry performs that same action
(skip) production quest cards in Chromium > recovers an initial unavailable profile without pretending an empty quest board
(skip) production quest cards in Chromium > persists snooze and dismiss without XP and keeps the snoozed deadline visible
(skip) production quest cards in Chromium > keeps levels and weekly competition available after every quest is completed
(skip) production quest cards in Chromium > fits 320px and supports keyboard focus and activation
(skip) production quest cards in Chromium > ignores old replies after A → B → A workspace changes
(skip) production quest cards in Chromium > does not refresh or repaint after a pending action resolves following unmount
(skip) production quest cards in Chromium > (unnamed)
(skip) UI-001 real Chromium component and persistence fixtures > (unnamed)
(skip) UI-001 real Chromium component and persistence fixtures > selected source deletion and recreation preserve workspace and entity address
(skip) UI-001 real Chromium component and persistence fixtures > deletion and foreign-workspace session metadata cannot mount another chat
(skip) UI-001 real Chromium component and persistence fixtures > malformed and unsupported terminal addresses show specific unavailable surfaces
(skip) UI-001 real Chromium component and persistence fixtures > cloud-run lookup failure retries and deletion refreshes the selected address
(skip) UI-001 real Chromium component and persistence fixtures > retry recovers an unavailable selected source through the actual click handler
(skip) UI-001 real Chromium component and persistence fixtures > late resource load cannot replace a new missing address
(skip) UI-001 real Chromium component and persistence fixtures > cloud run switch clears previous content while the new callback is pending
(skip) UI-001 real Chromium component and persistence fixtures > retries rejected lazy imports and keeps the selected route
(skip) UI-001 real Chromium component and persistence fixtures > retries rendering failure and a new route clears a previous error
(skip) UI-001 real Chromium component and persistence fixtures > workspace switch cancels a real pending resize timer before it can persist old geometry
(skip) UI-001 real Chromium component and persistence fixtures > actual localStorage persists valid sizes across reload and other windows
(skip) UI-001 real Chromium component and persistence fixtures > (unnamed)
(skip) production message actions with persisted synthetic RPC > (unnamed)
(skip) production message actions with persisted synthetic RPC > shows the requested action order on both user and assistant messages, including compact mode
(skip) production message actions with persisted synthetic RPC > likes its own message through the real annotation RPC and retains/removes the reaction after reload
(skip) production message actions with persisted synthetic RPC > toggles the authenticated user’s own reaction on an assistant answer without duplicating it
(skip) production message actions with persisted synthetic RPC > keeps likes disabled when identity fails and retries when the app gains focus
(skip) production message actions with persisted synthetic RPC > copies, quotes and directly listens to the selected message with a visible stop control
(skip) production message actions with persisted synthetic RPC > creates a usable own-message branch via the real creation RPC and continues the child dialogue
(skip) production message actions with persisted synthetic RPC > forks an assistant answer with its complete earlier context
(skip) production message actions with persisted synthetic RPC > opens a side-thread prompt for the chosen user message and keeps canonical provenance
(skip) production message actions with persisted synthetic RPC > (unnamed)
(skip) production native surface renderer ownership > (unnamed)
(skip) production native surface renderer ownership > hidden/released duplicate hosts cannot hide their visible sibling, while clipping hides the selected host
(skip) production native surface renderer ownership > retains a typed draft through responsive hiding, restores geometry and suppresses overlays
(skip) production native surface renderer ownership > releases an inspector attachment arriving after close without hiding a sibling surface
(skip) production native surface renderer ownership > ignores an obsolete attachment failure after a newer open succeeds
(skip) production native surface renderer ownership > preserves imported-cookie consent controls and routes explicit opt-in to a private instance
(skip) production native surface renderer ownership > (unnamed)
(skip) voice dictation production renderer DOM > (unnamed)
(skip) voice dictation production renderer DOM > consumes STOP once and appends the returned paragraphs to the latest edited draft
(skip) voice dictation production renderer DOM > asks for cloud upload consent at first use and starts only after the saved grant
(skip) voice dictation production renderer DOM > closing the consent dialog leaves capture and audio upload untouched
(skip) voice dictation production renderer DOM > late consent success after unmount cannot start a microphone capture
(skip) voice dictation production renderer DOM > unmount stops microphone tracks while permission is pending and its late grant cannot start a recorder
(skip) voice dictation production renderer DOM > synchronous double toggle starts only one capture while microphone access is pending
(skip) voice dictation production renderer DOM > a microphone startup failure restores the enabled control and allows a successful retry
(skip) voice dictation production renderer DOM > idle unmount does not cancel another host job and the control can remount
(skip) voice dictation production renderer DOM > a denied CANCEL cannot hide the original startup failure or prevent a successful retry
(skip) voice dictation production renderer DOM > a late owned START after unmount tolerates denied CANCEL without granting or starting a recorder
(skip) voice dictation production renderer DOM > a denied user CANCEL stops local recording, discards its audio and allows another capture
(skip) voice dictation production renderer DOM > uploads audio larger than 4 MiB as exact 1 MiB frames and consumes one STOP transcript into the current draft
(skip) voice dictation production renderer DOM > pairs push-to-talk once and consumes the current single-STOP transcript
(skip) voice dictation production renderer DOM > release while the microphone prompt is pending stops late tracks without starting or cancelling a host job
(skip) voice dictation production renderer DOM > release during pending Start immediately closes the microphone and fences late capture
(skip) voice dictation production renderer DOM > release during pending Grant immediately closes the microphone and fences late capture
(skip) voice dictation production renderer DOM > a refused START cleans acquired tracks without cancelling another host job
(skip) voice dictation production renderer DOM > unmount cancels the owned request and discards a late STOP transcript
(skip) voice dictation production renderer DOM > explicit clipboard completion uses the current local port and preserves the draft
(skip) voice dictation production renderer DOM > refused clipboard completion preserves the draft and reports the delivery failure
(skip) voice dictation production renderer DOM > the explicit trailing-space preference applies to both current draft and clipboard completion
(skip) voice dictation production renderer DOM > (unnamed)

 662 pass
 120 skip
 0 fail
 2562 expect() calls
Ran 782 tests across 106 files. [8.48s]
