packages/core/src/docs/block-identity.ts(4,8): error TS5097: An import path can only end with a '.ts' extension when 'allowImportingTsExtensions' is enabled.
packages/core/src/docs/content-descriptor.ts(1,75): error TS5097: An import path can only end with a '.ts' extension when 'allowImportingTsExtensions' is enabled.
packages/core/src/docs/frontmatter-patches.ts(5,8): error TS5097: An import path can only end with a '.ts' extension when 'allowImportingTsExtensions' is enabled.
packages/core/src/docs/index.ts(1,15): error TS5097: An import path can only end with a '.ts' extension when 'allowImportingTsExtensions' is enabled.
packages/core/src/docs/index.ts(2,15): error TS5097: An import path can only end with a '.ts' extension when 'allowImportingTsExtensions' is enabled.
packages/core/src/docs/index.ts(3,15): error TS5097: An import path can only end with a '.ts' extension when 'allowImportingTsExtensions' is enabled.
packages/core/src/docs/index.ts(4,15): error TS5097: An import path can only end with a '.ts' extension when 'allowImportingTsExtensions' is enabled.
packages/core/src/docs/index.ts(5,15): error TS5097: An import path can only end with a '.ts' extension when 'allowImportingTsExtensions' is enabled.
packages/core/src/docs/index.ts(6,15): error TS5097: An import path can only end with a '.ts' extension when 'allowImportingTsExtensions' is enabled.
packages/core/src/docs/index.ts(7,15): error TS5097: An import path can only end with a '.ts' extension when 'allowImportingTsExtensions' is enabled.
packages/core/src/docs/list-tree.ts(1,108): error TS5097: An import path can only end with a '.ts' extension when 'allowImportingTsExtensions' is enabled.
packages/core/src/docs/list-tree.ts(2,79): error TS5097: An import path can only end with a '.ts' extension when 'allowImportingTsExtensions' is enabled.
packages/core/src/docs/property-dictionary.ts(2,98): error TS5097: An import path can only end with a '.ts' extension when 'allowImportingTsExtensions' is enabled.
packages/core/src/docs/property-dictionary.ts(3,85): error TS5097: An import path can only end with a '.ts' extension when 'allowImportingTsExtensions' is enabled.
packages/core/src/index.ts(12,15): error TS5097: An import path can only end with a '.ts' extension when 'allowImportingTsExtensions' is enabled.
packages/core/src/index.ts(15,15): error TS5097: An import path can only end with a '.ts' extension when 'allowImportingTsExtensions' is enabled.
packages/core/src/index.ts(18,15): error TS5097: An import path can only end with a '.ts' extension when 'allowImportingTsExtensions' is enabled.
packages/core/src/index.ts(20,15): error TS5097: An import path can only end with a '.ts' extension when 'allowImportingTsExtensions' is enabled.
packages/core/src/index.ts(21,15): error TS5097: An import path can only end with a '.ts' extension when 'allowImportingTsExtensions' is enabled.
packages/core/src/index.ts(22,15): error TS5097: An import path can only end with a '.ts' extension when 'allowImportingTsExtensions' is enabled.
packages/core/src/index.ts(23,15): error TS5097: An import path can only end with a '.ts' extension when 'allowImportingTsExtensions' is enabled.
packages/core/src/knowledge/index.ts(6,15): error TS5097: An import path can only end with a '.ts' extension when 'allowImportingTsExtensions' is enabled.
packages/core/src/knowledge/index.ts(7,15): error TS5097: An import path can only end with a '.ts' extension when 'allowImportingTsExtensions' is enabled.
packages/core/src/knowledge/index.ts(8,15): error TS5097: An import path can only end with a '.ts' extension when 'allowImportingTsExtensions' is enabled.
packages/core/src/knowledge/index.ts(9,15): error TS5097: An import path can only end with a '.ts' extension when 'allowImportingTsExtensions' is enabled.
packages/core/src/knowledge/index.ts(10,15): error TS5097: An import path can only end with a '.ts' extension when 'allowImportingTsExtensions' is enabled.
packages/core/src/knowledge/index.ts(11,15): error TS5097: An import path can only end with a '.ts' extension when 'allowImportingTsExtensions' is enabled.
packages/core/src/knowledge/index.ts(12,15): error TS5097: An import path can only end with a '.ts' extension when 'allowImportingTsExtensions' is enabled.
packages/core/src/knowledge/index.ts(13,15): error TS5097: An import path can only end with a '.ts' extension when 'allowImportingTsExtensions' is enabled.
packages/core/src/knowledge/index.ts(15,15): error TS5097: An import path can only end with a '.ts' extension when 'allowImportingTsExtensions' is enabled.
packages/core/src/knowledge/provider.ts(9,32): error TS5097: An import path can only end with a '.ts' extension when 'allowImportingTsExtensions' is enabled.
packages/core/src/knowledge/providers/inmemory.ts(16,32): error TS5097: An import path can only end with a '.ts' extension when 'allowImportingTsExtensions' is enabled.
packages/core/src/knowledge/providers/inmemory.ts(23,8): error TS5097: An import path can only end with a '.ts' extension when 'allowImportingTsExtensions' is enabled.
packages/core/src/knowledge/providers/inmemory.ts(33,8): error TS5097: An import path can only end with a '.ts' extension when 'allowImportingTsExtensions' is enabled.
packages/core/src/knowledge/providers/inmemory.ts(34,73): error TS5097: An import path can only end with a '.ts' extension when 'allowImportingTsExtensions' is enabled.
packages/core/src/knowledge/refs.ts(7,32): error TS5097: An import path can only end with a '.ts' extension when 'allowImportingTsExtensions' is enabled.
packages/core/src/meetings/index.ts(1,15): error TS5097: An import path can only end with a '.ts' extension when 'allowImportingTsExtensions' is enabled.
packages/core/src/meetings/index.ts(2,15): error TS5097: An import path can only end with a '.ts' extension when 'allowImportingTsExtensions' is enabled.
packages/core/src/meetings/index.ts(3,15): error TS5097: An import path can only end with a '.ts' extension when 'allowImportingTsExtensions' is enabled.
packages/core/src/meetings/model.ts(7,56): error TS5097: An import path can only end with a '.ts' extension when 'allowImportingTsExtensions' is enabled.
packages/core/src/meetings/schemas.ts(20,8): error TS5097: An import path can only end with a '.ts' extension when 'allowImportingTsExtensions' is enabled.
packages/core/src/platform/agent-teams/index.ts(18,8): error TS5097: An import path can only end with a '.ts' extension when 'allowImportingTsExtensions' is enabled.
packages/core/src/platform/agent-teams/index.ts(31,40): error TS5097: An import path can only end with a '.ts' extension when 'allowImportingTsExtensions' is enabled.
packages/core/src/platform/agent-teams/store.ts(36,40): error TS5097: An import path can only end with a '.ts' extension when 'allowImportingTsExtensions' is enabled.
packages/core/src/platform/commands/index.ts(6,39): error TS5097: An import path can only end with a '.ts' extension when 'allowImportingTsExtensions' is enabled.
packages/core/src/platform/commands/registry.ts(9,30): error TS5097: An import path can only end with a '.ts' extension when 'allowImportingTsExtensions' is enabled.
packages/core/src/platform/context-keys/index.ts(7,30): error TS5097: An import path can only end with a '.ts' extension when 'allowImportingTsExtensions' is enabled.
packages/core/src/platform/context-keys/index.ts(8,41): error TS5097: An import path can only end with a '.ts' extension when 'allowImportingTsExtensions' is enabled.
packages/core/src/platform/context-keys/service.ts(9,30): error TS5097: An import path can only end with a '.ts' extension when 'allowImportingTsExtensions' is enabled.
packages/core/src/platform/identity/broker.ts(3,84): error TS5097: An import path can only end with a '.ts' extension when 'allowImportingTsExtensions' is enabled.
packages/core/src/platform/identity/github-vertical.ts(9,43): error TS5097: An import path can only end with a '.ts' extension when 'allowImportingTsExtensions' is enabled.
packages/core/src/platform/identity/github-vertical.ts(11,38): error TS5097: An import path can only end with a '.ts' extension when 'allowImportingTsExtensions' is enabled.
packages/core/src/platform/identity/github-vertical.ts(13,68): error TS5097: An import path can only end with a '.ts' extension when 'allowImportingTsExtensions' is enabled.
packages/core/src/platform/identity/github-vertical.ts(14,58): error TS5097: An import path can only end with a '.ts' extension when 'allowImportingTsExtensions' is enabled.
packages/core/src/platform/identity/github-vertical.ts(15,37): error TS5097: An import path can only end with a '.ts' extension when 'allowImportingTsExtensions' is enabled.
packages/core/src/platform/identity/import-service.ts(14,8): error TS5097: An import path can only end with a '.ts' extension when 'allowImportingTsExtensions' is enabled.
packages/core/src/platform/identity/import-service.ts(15,37): error TS5097: An import path can only end with a '.ts' extension when 'allowImportingTsExtensions' is enabled.
packages/core/src/platform/identity/import-service.ts(16,31): error TS5097: An import path can only end with a '.ts' extension when 'allowImportingTsExtensions' is enabled.
packages/core/src/platform/identity/import-service.ts(25,8): error TS5097: An import path can only end with a '.ts' extension when 'allowImportingTsExtensions' is enabled.
packages/core/src/platform/identity/import-session.ts(8,39): error TS5097: An import path can only end with a '.ts' extension when 'allowImportingTsExtensions' is enabled.
packages/core/src/platform/identity/infisical-fabric-provider.ts(16,8): error TS5097: An import path can only end with a '.ts' extension when 'allowImportingTsExtensions' is enabled.
packages/core/src/platform/identity/infisical-fabric-provider.ts(33,8): error TS5097: An import path can only end with a '.ts' extension when 'allowImportingTsExtensions' is enabled.
packages/core/src/platform/identity/os-discovery-host.ts(14,8): error TS5097: An import path can only end with a '.ts' extension when 'allowImportingTsExtensions' is enabled.
packages/core/src/platform/identity/p0-adapters.ts(17,8): error TS5097: An import path can only end with a '.ts' extension when 'allowImportingTsExtensions' is enabled.
packages/core/src/platform/identity/p0-adapters.ts(44,8): error TS5097: An import path can only end with a '.ts' extension when 'allowImportingTsExtensions' is enabled.
packages/core/src/platform/identity/workgraph.ts(4,90): error TS5097: An import path can only end with a '.ts' extension when 'allowImportingTsExtensions' is enabled.
packages/core/src/platform/identity/workgraph.ts(5,39): error TS5097: An import path can only end with a '.ts' extension when 'allowImportingTsExtensions' is enabled.
packages/core/src/platform/index.ts(12,15): error TS5097: An import path can only end with a '.ts' extension when 'allowImportingTsExtensions' is enabled.
packages/core/src/platform/index.ts(13,15): error TS5097: An import path can only end with a '.ts' extension when 'allowImportingTsExtensions' is enabled.
packages/core/src/platform/index.ts(14,15): error TS5097: An import path can only end with a '.ts' extension when 'allowImportingTsExtensions' is enabled.
packages/core/src/platform/index.ts(15,15): error TS5097: An import path can only end with a '.ts' extension when 'allowImportingTsExtensions' is enabled.
packages/core/src/platform/index.ts(16,15): error TS5097: An import path can only end with a '.ts' extension when 'allowImportingTsExtensions' is enabled.
packages/core/src/platform/index.ts(17,15): error TS5097: An import path can only end with a '.ts' extension when 'allowImportingTsExtensions' is enabled.
packages/core/src/platform/index.ts(18,15): error TS5097: An import path can only end with a '.ts' extension when 'allowImportingTsExtensions' is enabled.
packages/core/src/platform/index.ts(55,8): error TS5097: An import path can only end with a '.ts' extension when 'allowImportingTsExtensions' is enabled.
packages/core/src/platform/index.ts(68,8): error TS5097: An import path can only end with a '.ts' extension when 'allowImportingTsExtensions' is enabled.
packages/core/src/platform/index.ts(69,31): error TS5097: An import path can only end with a '.ts' extension when 'allowImportingTsExtensions' is enabled.
packages/core/src/platform/index.ts(70,31): error TS5097: An import path can only end with a '.ts' extension when 'allowImportingTsExtensions' is enabled.
packages/core/src/platform/index.ts(77,8): error TS5097: An import path can only end with a '.ts' extension when 'allowImportingTsExtensions' is enabled.
packages/core/src/platform/index.ts(78,39): error TS5097: An import path can only end with a '.ts' extension when 'allowImportingTsExtensions' is enabled.
packages/core/src/platform/index.ts(79,38): error TS5097: An import path can only end with a '.ts' extension when 'allowImportingTsExtensions' is enabled.
packages/core/src/platform/index.ts(80,43): error TS5097: An import path can only end with a '.ts' extension when 'allowImportingTsExtensions' is enabled.
packages/core/src/platform/index.ts(81,37): error TS5097: An import path can only end with a '.ts' extension when 'allowImportingTsExtensions' is enabled.
packages/core/src/platform/index.ts(82,47): error TS5097: An import path can only end with a '.ts' extension when 'allowImportingTsExtensions' is enabled.
packages/core/src/platform/index.ts(83,66): error TS5097: An import path can only end with a '.ts' extension when 'allowImportingTsExtensions' is enabled.
packages/core/src/platform/index.ts(84,56): error TS5097: An import path can only end with a '.ts' extension when 'allowImportingTsExtensions' is enabled.
packages/core/src/platform/index.ts(93,8): error TS5097: An import path can only end with a '.ts' extension when 'allowImportingTsExtensions' is enabled.
packages/core/src/platform/index.ts(108,8): error TS5097: An import path can only end with a '.ts' extension when 'allowImportingTsExtensions' is enabled.
packages/core/src/platform/modes/index.ts(2,70): error TS5097: An import path can only end with a '.ts' extension when 'allowImportingTsExtensions' is enabled.
packages/core/src/platform/modes/registry.ts(2,30): error TS5097: An import path can only end with a '.ts' extension when 'allowImportingTsExtensions' is enabled.
packages/core/src/platform/panels/index.ts(6,56): error TS5097: An import path can only end with a '.ts' extension when 'allowImportingTsExtensions' is enabled.
packages/core/src/platform/panels/index.ts(7,37): error TS5097: An import path can only end with a '.ts' extension when 'allowImportingTsExtensions' is enabled.
packages/core/src/platform/panels/registry.ts(9,30): error TS5097: An import path can only end with a '.ts' extension when 'allowImportingTsExtensions' is enabled.
packages/core/src/platform/panels/registry.ts(11,29): error TS5097: An import path can only end with a '.ts' extension when 'allowImportingTsExtensions' is enabled.
packages/core/src/platform/resources/index.ts(13,48): error TS5097: An import path can only end with a '.ts' extension when 'allowImportingTsExtensions' is enabled.
packages/core/src/platform/session-apply/client.ts(20,8): error TS5097: An import path can only end with a '.ts' extension when 'allowImportingTsExtensions' is enabled.
packages/core/src/platform/session-apply/index.ts(5,36): error TS5097: An import path can only end with a '.ts' extension when 'allowImportingTsExtensions' is enabled.
packages/core/src/platform/session-apply/index.ts(6,42): error TS5097: An import path can only end with a '.ts' extension when 'allowImportingTsExtensions' is enabled.
packages/core/src/platform/session-apply/index.ts(15,8): error TS5097: An import path can only end with a '.ts' extension when 'allowImportingTsExtensions' is enabled.
packages/core/src/platform/session-apply/link-agent-teams.ts(6,33): error TS5097: An import path can only end with a '.ts' extension when 'allowImportingTsExtensions' is enabled.
packages/core/src/platform/surfaces/index.ts(18,62): error TS5097: An import path can only end with a '.ts' extension when 'allowImportingTsExtensions' is enabled.
packages/core/src/platform/surfaces/index.ts(19,39): error TS5097: An import path can only end with a '.ts' extension when 'allowImportingTsExtensions' is enabled.
packages/core/src/platform/workbench/flags.ts(11,44): error TS5097: An import path can only end with a '.ts' extension when 'allowImportingTsExtensions' is enabled.
packages/core/src/platform/workbench/index.ts(9,8): error TS5097: An import path can only end with a '.ts' extension when 'allowImportingTsExtensions' is enabled.
packages/core/src/platform/workbench/index.ts(14,8): error TS5097: An import path can only end with a '.ts' extension when 'allowImportingTsExtensions' is enabled.
packages/core/src/platform/workbench/index.ts(27,63): error TS5097: An import path can only end with a '.ts' extension when 'allowImportingTsExtensions' is enabled.
packages/core/src/platform/workbench/index.ts(40,8): error TS5097: An import path can only end with a '.ts' extension when 'allowImportingTsExtensions' is enabled.
packages/core/src/platform/workbench/index.ts(45,8): error TS5097: An import path can only end with a '.ts' extension when 'allowImportingTsExtensions' is enabled.
packages/core/src/platform/workbench/index.ts(47,51): error TS5097: An import path can only end with a '.ts' extension when 'allowImportingTsExtensions' is enabled.
packages/core/src/platform/workbench/index.ts(52,8): error TS5097: An import path can only end with a '.ts' extension when 'allowImportingTsExtensions' is enabled.
packages/core/src/platform/workbench/layout.ts(1,38): error TS5097: An import path can only end with a '.ts' extension when 'allowImportingTsExtensions' is enabled.
packages/core/src/platform/workbench/layout.ts(14,46): error TS5097: An import path can only end with a '.ts' extension when 'allowImportingTsExtensions' is enabled.
packages/core/src/platform/workbench/memory-host.ts(16,8): error TS5097: An import path can only end with a '.ts' extension when 'allowImportingTsExtensions' is enabled.
packages/core/src/platform/workbench/memory-host.ts(17,38): error TS5097: An import path can only end with a '.ts' extension when 'allowImportingTsExtensions' is enabled.
packages/core/src/platform/workbench/migrate.ts(9,72): error TS5097: An import path can only end with a '.ts' extension when 'allowImportingTsExtensions' is enabled.
packages/core/src/rox2/conation-api.ts(13,8): error TS5097: An import path can only end with a '.ts' extension when 'allowImportingTsExtensions' is enabled.
packages/core/src/rox2/index.ts(63,8): error TS5097: An import path can only end with a '.ts' extension when 'allowImportingTsExtensions' is enabled.
packages/core/src/rox2/index.ts(79,8): error TS5097: An import path can only end with a '.ts' extension when 'allowImportingTsExtensions' is enabled.
packages/core/src/rox2/index.ts(89,8): error TS5097: An import path can only end with a '.ts' extension when 'allowImportingTsExtensions' is enabled.
packages/core/src/rox2/index.ts(98,8): error TS5097: An import path can only end with a '.ts' extension when 'allowImportingTsExtensions' is enabled.
packages/core/src/rox2/index.ts(105,8): error TS5097: An import path can only end with a '.ts' extension when 'allowImportingTsExtensions' is enabled.
packages/core/src/rox2/index.ts(119,8): error TS5097: An import path can only end with a '.ts' extension when 'allowImportingTsExtensions' is enabled.
packages/core/src/rox2/index.ts(283,8): error TS5097: An import path can only end with a '.ts' extension when 'allowImportingTsExtensions' is enabled.
packages/core/src/rox2/index.ts(291,8): error TS5097: An import path can only end with a '.ts' extension when 'allowImportingTsExtensions' is enabled.
packages/core/src/rox2/index.ts(307,8): error TS5097: An import path can only end with a '.ts' extension when 'allowImportingTsExtensions' is enabled.
packages/core/src/rox2/index.ts(326,8): error TS5097: An import path can only end with a '.ts' extension when 'allowImportingTsExtensions' is enabled.
packages/core/src/rox2/index.ts(344,8): error TS5097: An import path can only end with a '.ts' extension when 'allowImportingTsExtensions' is enabled.
packages/core/src/rox2/index.ts(361,8): error TS5097: An import path can only end with a '.ts' extension when 'allowImportingTsExtensions' is enabled.
packages/core/src/rox2/map-reduce.ts(12,79): error TS5097: An import path can only end with a '.ts' extension when 'allowImportingTsExtensions' is enabled.
packages/core/src/rox2/meeting-conation-shell.ts(5,126): error TS5097: An import path can only end with a '.ts' extension when 'allowImportingTsExtensions' is enabled.
packages/core/src/rox2/notes-engine.ts(12,36): error TS5097: An import path can only end with a '.ts' extension when 'allowImportingTsExtensions' is enabled.
packages/core/src/rox2/notes-repository.ts(7,55): error TS5097: An import path can only end with a '.ts' extension when 'allowImportingTsExtensions' is enabled.
packages/core/src/rox2/project-membership.ts(7,58): error TS5097: An import path can only end with a '.ts' extension when 'allowImportingTsExtensions' is enabled.
packages/core/src/rox2/rpc-native-actions.ts(14,8): error TS5097: An import path can only end with a '.ts' extension when 'allowImportingTsExtensions' is enabled.
packages/core/src/rox2/soup-document-actions.ts(13,8): error TS5097: An import path can only end with a '.ts' extension when 'allowImportingTsExtensions' is enabled.
packages/core/src/rox2/soup-native-actions.ts(14,8): error TS5097: An import path can only end with a '.ts' extension when 'allowImportingTsExtensions' is enabled.
packages/core/src/tasks/personal/cache.ts(7,35): error TS5097: An import path can only end with a '.ts' extension when 'allowImportingTsExtensions' is enabled.
packages/core/src/tasks/personal/index.ts(1,15): error TS5097: An import path can only end with a '.ts' extension when 'allowImportingTsExtensions' is enabled.
packages/core/src/tasks/personal/index.ts(2,15): error TS5097: An import path can only end with a '.ts' extension when 'allowImportingTsExtensions' is enabled.
packages/core/src/tasks/personal/index.ts(3,15): error TS5097: An import path can only end with a '.ts' extension when 'allowImportingTsExtensions' is enabled.
packages/core/src/tasks/personal/index.ts(4,15): error TS5097: An import path can only end with a '.ts' extension when 'allowImportingTsExtensions' is enabled.
packages/core/src/tasks/personal/index.ts(5,15): error TS5097: An import path can only end with a '.ts' extension when 'allowImportingTsExtensions' is enabled.
packages/core/src/tasks/personal/index.ts(6,15): error TS5097: An import path can only end with a '.ts' extension when 'allowImportingTsExtensions' is enabled.
packages/core/src/tasks/personal/index.ts(7,15): error TS5097: An import path can only end with a '.ts' extension when 'allowImportingTsExtensions' is enabled.
packages/core/src/tasks/personal/projections.ts(1,125): error TS5097: An import path can only end with a '.ts' extension when 'allowImportingTsExtensions' is enabled.
packages/core/src/tasks/personal/projections.ts(2,46): error TS5097: An import path can only end with a '.ts' extension when 'allowImportingTsExtensions' is enabled.
packages/core/src/tasks/personal/quick-entry.ts(7,92): error TS5097: An import path can only end with a '.ts' extension when 'allowImportingTsExtensions' is enabled.
packages/core/src/tasks/personal/store.ts(1,48): error TS5097: An import path can only end with a '.ts' extension when 'allowImportingTsExtensions' is enabled.
packages/core/src/tasks/personal/store.ts(2,92): error TS5097: An import path can only end with a '.ts' extension when 'allowImportingTsExtensions' is enabled.
packages/core/src/tasks/personal/store.ts(3,32): error TS5097: An import path can only end with a '.ts' extension when 'allowImportingTsExtensions' is enabled.
packages/core/src/tasks/personal/store.ts(17,8): error TS5097: An import path can only end with a '.ts' extension when 'allowImportingTsExtensions' is enabled.
packages/core/src/types/index.ts(57,72): error TS5097: An import path can only end with a '.ts' extension when 'allowImportingTsExtensions' is enabled.
packages/core/src/types/index.ts(60,50): error TS5097: An import path can only end with a '.ts' extension when 'allowImportingTsExtensions' is enabled.
packages/core/src/utils/index.ts(5,23): error TS5097: An import path can only end with a '.ts' extension when 'allowImportingTsExtensions' is enabled.
packages/core/src/utils/index.ts(6,64): error TS5097: An import path can only end with a '.ts' extension when 'allowImportingTsExtensions' is enabled.
packages/server-core/src/docs/block-tree-service.ts(5,8): error TS5097: An import path can only end with a '.ts' extension when 'allowImportingTsExtensions' is enabled.
packages/server-core/src/docs/block-tree-service.ts(6,55): error TS5097: An import path can only end with a '.ts' extension when 'allowImportingTsExtensions' is enabled.
packages/server-core/src/docs/descriptor-resolver.ts(11,8): error TS5097: An import path can only end with a '.ts' extension when 'allowImportingTsExtensions' is enabled.
packages/server-core/src/docs/descriptor-resolver.ts(12,29): error TS5097: An import path can only end with a '.ts' extension when 'allowImportingTsExtensions' is enabled.
packages/server-core/src/docs/descriptor-resolver.ts(13,55): error TS5097: An import path can only end with a '.ts' extension when 'allowImportingTsExtensions' is enabled.
packages/server-core/src/docs/markdown-commit.ts(4,94): error TS5097: An import path can only end with a '.ts' extension when 'allowImportingTsExtensions' is enabled.
packages/session-tools-core/src/handlers/agent-teams.ts(21,48): error TS5097: An import path can only end with a '.ts' extension when 'allowImportingTsExtensions' is enabled.
packages/session-tools-core/src/handlers/archive-session.ts(3,48): error TS5097: An import path can only end with a '.ts' extension when 'allowImportingTsExtensions' is enabled.
packages/session-tools-core/src/handlers/config-validate.ts(14,48): error TS5097: An import path can only end with a '.ts' extension when 'allowImportingTsExtensions' is enabled.
packages/session-tools-core/src/handlers/config-validate.ts(19,8): error TS5097: An import path can only end with a '.ts' extension when 'allowImportingTsExtensions' is enabled.
packages/session-tools-core/src/handlers/config-validate.ts(20,37): error TS5097: An import path can only end with a '.ts' extension when 'allowImportingTsExtensions' is enabled.
packages/session-tools-core/src/handlers/create-task.ts(3,48): error TS5097: An import path can only end with a '.ts' extension when 'allowImportingTsExtensions' is enabled.
packages/session-tools-core/src/handlers/credential-prompt.ts(9,48): error TS5097: An import path can only end with a '.ts' extension when 'allowImportingTsExtensions' is enabled.
packages/session-tools-core/src/handlers/credential-prompt.ts(10,82): error TS5097: An import path can only end with a '.ts' extension when 'allowImportingTsExtensions' is enabled.
packages/session-tools-core/src/handlers/get-session-info.ts(3,48): error TS5097: An import path can only end with a '.ts' extension when 'allowImportingTsExtensions' is enabled.
packages/session-tools-core/src/handlers/host-bash.ts(3,48): error TS5097: An import path can only end with a '.ts' extension when 'allowImportingTsExtensions' is enabled.
packages/session-tools-core/src/handlers/host-bash.ts(5,36): error TS5097: An import path can only end with a '.ts' extension when 'allowImportingTsExtensions' is enabled.
packages/session-tools-core/src/handlers/host-bash.ts(6,36): error TS5097: An import path can only end with a '.ts' extension when 'allowImportingTsExtensions' is enabled.
packages/session-tools-core/src/handlers/host-bash.ts(7,58): error TS5097: An import path can only end with a '.ts' extension when 'allowImportingTsExtensions' is enabled.
packages/session-tools-core/src/handlers/host-bash.ts(12,8): error TS5097: An import path can only end with a '.ts' extension when 'allowImportingTsExtensions' is enabled.
packages/session-tools-core/src/handlers/index.ts(9,34): error TS5097: An import path can only end with a '.ts' extension when 'allowImportingTsExtensions' is enabled.
packages/session-tools-core/src/handlers/index.ts(13,38): error TS5097: An import path can only end with a '.ts' extension when 'allowImportingTsExtensions' is enabled.
packages/session-tools-core/src/handlers/index.ts(17,37): error TS5097: An import path can only end with a '.ts' extension when 'allowImportingTsExtensions' is enabled.
packages/session-tools-core/src/handlers/index.ts(21,39): error TS5097: An import path can only end with a '.ts' extension when 'allowImportingTsExtensions' is enabled.
packages/session-tools-core/src/handlers/index.ts(25,34): error TS5097: An import path can only end with a '.ts' extension when 'allowImportingTsExtensions' is enabled.
packages/session-tools-core/src/handlers/index.ts(34,8): error TS5097: An import path can only end with a '.ts' extension when 'allowImportingTsExtensions' is enabled.
packages/session-tools-core/src/handlers/index.ts(43,40): error TS5097: An import path can only end with a '.ts' extension when 'allowImportingTsExtensions' is enabled.
packages/session-tools-core/src/handlers/index.ts(47,41): error TS5097: An import path can only end with a '.ts' extension when 'allowImportingTsExtensions' is enabled.
packages/session-tools-core/src/handlers/index.ts(51,37): error TS5097: An import path can only end with a '.ts' extension when 'allowImportingTsExtensions' is enabled.
packages/session-tools-core/src/handlers/index.ts(55,37): error TS5097: An import path can only end with a '.ts' extension when 'allowImportingTsExtensions' is enabled.
packages/session-tools-core/src/handlers/index.ts(59,45): error TS5097: An import path can only end with a '.ts' extension when 'allowImportingTsExtensions' is enabled.
packages/session-tools-core/src/handlers/index.ts(63,38): error TS5097: An import path can only end with a '.ts' extension when 'allowImportingTsExtensions' is enabled.
packages/session-tools-core/src/handlers/index.ts(67,45): error TS5097: An import path can only end with a '.ts' extension when 'allowImportingTsExtensions' is enabled.
packages/session-tools-core/src/handlers/index.ts(71,40): error TS5097: An import path can only end with a '.ts' extension when 'allowImportingTsExtensions' is enabled.
packages/session-tools-core/src/handlers/index.ts(73,40): error TS5097: An import path can only end with a '.ts' extension when 'allowImportingTsExtensions' is enabled.
packages/session-tools-core/src/handlers/index.ts(75,38): error TS5097: An import path can only end with a '.ts' extension when 'allowImportingTsExtensions' is enabled.
packages/session-tools-core/src/handlers/index.ts(77,36): error TS5097: An import path can only end with a '.ts' extension when 'allowImportingTsExtensions' is enabled.
packages/session-tools-core/src/handlers/index.ts(79,43): error TS5097: An import path can only end with a '.ts' extension when 'allowImportingTsExtensions' is enabled.
packages/session-tools-core/src/handlers/index.ts(81,34): error TS5097: An import path can only end with a '.ts' extension when 'allowImportingTsExtensions' is enabled.
packages/session-tools-core/src/handlers/index.ts(83,38): error TS5097: An import path can only end with a '.ts' extension when 'allowImportingTsExtensions' is enabled.
packages/session-tools-core/src/handlers/index.ts(85,34): error TS5097: An import path can only end with a '.ts' extension when 'allowImportingTsExtensions' is enabled.
packages/session-tools-core/src/handlers/index.ts(89,67): error TS5097: An import path can only end with a '.ts' extension when 'allowImportingTsExtensions' is enabled.
packages/session-tools-core/src/handlers/index.ts(90,72): error TS5097: An import path can only end with a '.ts' extension when 'allowImportingTsExtensions' is enabled.
packages/session-tools-core/src/handlers/index.ts(91,76): error TS5097: An import path can only end with a '.ts' extension when 'allowImportingTsExtensions' is enabled.
packages/session-tools-core/src/handlers/index.ts(92,57): error TS5097: An import path can only end with a '.ts' extension when 'allowImportingTsExtensions' is enabled.
packages/session-tools-core/src/handlers/index.ts(102,8): error TS5097: An import path can only end with a '.ts' extension when 'allowImportingTsExtensions' is enabled.
packages/session-tools-core/src/handlers/knowledge-backlinks.ts(13,48): error TS5097: An import path can only end with a '.ts' extension when 'allowImportingTsExtensions' is enabled.
packages/session-tools-core/src/handlers/knowledge-backlinks.ts(20,8): error TS5097: An import path can only end with a '.ts' extension when 'allowImportingTsExtensions' is enabled.
packages/session-tools-core/src/handlers/knowledge-backlinks.ts(24,8): error TS5097: An import path can only end with a '.ts' extension when 'allowImportingTsExtensions' is enabled.
packages/session-tools-core/src/handlers/knowledge-propose.ts(11,48): error TS5097: An import path can only end with a '.ts' extension when 'allowImportingTsExtensions' is enabled.
packages/session-tools-core/src/handlers/knowledge-propose.ts(18,8): error TS5097: An import path can only end with a '.ts' extension when 'allowImportingTsExtensions' is enabled.
packages/session-tools-core/src/handlers/knowledge-propose.ts(22,8): error TS5097: An import path can only end with a '.ts' extension when 'allowImportingTsExtensions' is enabled.
packages/session-tools-core/src/handlers/knowledge-read.ts(15,48): error TS5097: An import path can only end with a '.ts' extension when 'allowImportingTsExtensions' is enabled.
packages/session-tools-core/src/handlers/knowledge-read.ts(23,8): error TS5097: An import path can only end with a '.ts' extension when 'allowImportingTsExtensions' is enabled.
packages/session-tools-core/src/handlers/knowledge-read.ts(27,8): error TS5097: An import path can only end with a '.ts' extension when 'allowImportingTsExtensions' is enabled.
packages/session-tools-core/src/handlers/knowledge-search.ts(15,48): error TS5097: An import path can only end with a '.ts' extension when 'allowImportingTsExtensions' is enabled.
packages/session-tools-core/src/handlers/knowledge-search.ts(23,8): error TS5097: An import path can only end with a '.ts' extension when 'allowImportingTsExtensions' is enabled.
packages/session-tools-core/src/handlers/list-background-tasks.ts(3,48): error TS5097: An import path can only end with a '.ts' extension when 'allowImportingTsExtensions' is enabled.
packages/session-tools-core/src/handlers/list-sessions.ts(3,48): error TS5097: An import path can only end with a '.ts' extension when 'allowImportingTsExtensions' is enabled.
packages/session-tools-core/src/handlers/mermaid-validate.ts(11,40): error TS5097: An import path can only end with a '.ts' extension when 'allowImportingTsExtensions' is enabled.
packages/session-tools-core/src/handlers/messaging.ts(11,48): error TS5097: An import path can only end with a '.ts' extension when 'allowImportingTsExtensions' is enabled.
packages/session-tools-core/src/handlers/pages.ts(18,48): error TS5097: An import path can only end with a '.ts' extension when 'allowImportingTsExtensions' is enabled.
packages/session-tools-core/src/handlers/render-template.ts(10,48): error TS5097: An import path can only end with a '.ts' extension when 'allowImportingTsExtensions' is enabled.
packages/session-tools-core/src/handlers/render-template.ts(11,52): error TS5097: An import path can only end with a '.ts' extension when 'allowImportingTsExtensions' is enabled.
packages/session-tools-core/src/handlers/render-template.ts(12,32): error TS5097: An import path can only end with a '.ts' extension when 'allowImportingTsExtensions' is enabled.
packages/session-tools-core/src/handlers/render-template.ts(15,73): error TS5097: An import path can only end with a '.ts' extension when 'allowImportingTsExtensions' is enabled.
packages/session-tools-core/src/handlers/script-sandbox.ts(5,48): error TS5097: An import path can only end with a '.ts' extension when 'allowImportingTsExtensions' is enabled.
packages/session-tools-core/src/handlers/script-sandbox.ts(7,39): error TS5097: An import path can only end with a '.ts' extension when 'allowImportingTsExtensions' is enabled.
packages/session-tools-core/src/handlers/script-sandbox.ts(8,42): error TS5097: An import path can only end with a '.ts' extension when 'allowImportingTsExtensions' is enabled.
packages/session-tools-core/src/handlers/script-sandbox.ts(9,39): error TS5097: An import path can only end with a '.ts' extension when 'allowImportingTsExtensions' is enabled.
packages/session-tools-core/src/handlers/script-sandbox.ts(10,38): error TS5097: An import path can only end with a '.ts' extension when 'allowImportingTsExtensions' is enabled.
packages/session-tools-core/src/handlers/script-sandbox.ts(11,40): error TS5097: An import path can only end with a '.ts' extension when 'allowImportingTsExtensions' is enabled.
packages/session-tools-core/src/handlers/send-agent-message.ts(3,48): error TS5097: An import path can only end with a '.ts' extension when 'allowImportingTsExtensions' is enabled.
packages/session-tools-core/src/handlers/send-developer-feedback.ts(10,48): error TS5097: An import path can only end with a '.ts' extension when 'allowImportingTsExtensions' is enabled.
packages/session-tools-core/src/handlers/set-session-labels.ts(3,48): error TS5097: An import path can only end with a '.ts' extension when 'allowImportingTsExtensions' is enabled.
packages/session-tools-core/src/handlers/set-session-status.ts(3,48): error TS5097: An import path can only end with a '.ts' extension when 'allowImportingTsExtensions' is enabled.
packages/session-tools-core/src/handlers/skill-validate.ts(16,31): error TS5097: An import path can only end with a '.ts' extension when 'allowImportingTsExtensions' is enabled.
packages/session-tools-core/src/handlers/skill-validate.ts(17,48): error TS5097: An import path can only end with a '.ts' extension when 'allowImportingTsExtensions' is enabled.
packages/session-tools-core/src/handlers/skill-validate.ts(22,8): error TS5097: An import path can only end with a '.ts' extension when 'allowImportingTsExtensions' is enabled.
packages/session-tools-core/src/handlers/source-oauth.ts(19,48): error TS5097: An import path can only end with a '.ts' extension when 'allowImportingTsExtensions' is enabled.
packages/session-tools-core/src/handlers/source-oauth.ts(20,35): error TS5097: An import path can only end with a '.ts' extension when 'allowImportingTsExtensions' is enabled.
packages/session-tools-core/src/handlers/source-test.ts(12,31): error TS5097: An import path can only end with a '.ts' extension when 'allowImportingTsExtensions' is enabled.
packages/session-tools-core/src/handlers/source-test.ts(17,8): error TS5097: An import path can only end with a '.ts' extension when 'allowImportingTsExtensions' is enabled.
packages/session-tools-core/src/handlers/source-test.ts(23,8): error TS5097: An import path can only end with a '.ts' extension when 'allowImportingTsExtensions' is enabled.
packages/session-tools-core/src/handlers/submit-plan.ts(10,48): error TS5097: An import path can only end with a '.ts' extension when 'allowImportingTsExtensions' is enabled.
packages/session-tools-core/src/handlers/transform-data.ts(12,48): error TS5097: An import path can only end with a '.ts' extension when 'allowImportingTsExtensions' is enabled.
packages/session-tools-core/src/handlers/transform-data.ts(17,40): error TS5097: An import path can only end with a '.ts' extension when 'allowImportingTsExtensions' is enabled.
packages/session-tools-core/src/handlers/transform-data.ts(18,73): error TS5097: An import path can only end with a '.ts' extension when 'allowImportingTsExtensions' is enabled.
packages/session-tools-core/src/handlers/transform-data.ts(19,38): error TS5097: An import path can only end with a '.ts' extension when 'allowImportingTsExtensions' is enabled.
packages/session-tools-core/src/handlers/transform-data.ts(20,66): error TS5097: An import path can only end with a '.ts' extension when 'allowImportingTsExtensions' is enabled.
packages/session-tools-core/src/handlers/transform-data.ts(21,72): error TS5097: An import path can only end with a '.ts' extension when 'allowImportingTsExtensions' is enabled.
packages/session-tools-core/src/handlers/update-preferences.ts(13,48): error TS5097: An import path can only end with a '.ts' extension when 'allowImportingTsExtensions' is enabled.
packages/session-tools-core/src/index.ts(63,8): error TS5097: An import path can only end with a '.ts' extension when 'allowImportingTsExtensions' is enabled.
packages/session-tools-core/src/index.ts(83,8): error TS5097: An import path can only end with a '.ts' extension when 'allowImportingTsExtensions' is enabled.
packages/session-tools-core/src/index.ts(112,8): error TS5097: An import path can only end with a '.ts' extension when 'allowImportingTsExtensions' is enabled.
packages/session-tools-core/src/index.ts(152,38): error TS5097: An import path can only end with a '.ts' extension when 'allowImportingTsExtensions' is enabled.
packages/session-tools-core/src/index.ts(157,8): error TS5097: An import path can only end with a '.ts' extension when 'allowImportingTsExtensions' is enabled.
packages/session-tools-core/src/index.ts(161,8): error TS5097: An import path can only end with a '.ts' extension when 'allowImportingTsExtensions' is enabled.
packages/session-tools-core/src/index.ts(175,8): error TS5097: An import path can only end with a '.ts' extension when 'allowImportingTsExtensions' is enabled.
packages/session-tools-core/src/index.ts(182,68): error TS5097: An import path can only end with a '.ts' extension when 'allowImportingTsExtensions' is enabled.
packages/session-tools-core/src/index.ts(224,8): error TS5097: An import path can only end with a '.ts' extension when 'allowImportingTsExtensions' is enabled.
packages/session-tools-core/src/index.ts(235,8): error TS5097: An import path can only end with a '.ts' extension when 'allowImportingTsExtensions' is enabled.
packages/session-tools-core/src/index.ts(315,8): error TS5097: An import path can only end with a '.ts' extension when 'allowImportingTsExtensions' is enabled.
packages/session-tools-core/src/index.ts(321,8): error TS5097: An import path can only end with a '.ts' extension when 'allowImportingTsExtensions' is enabled.
packages/session-tools-core/src/index.ts(342,8): error TS5097: An import path can only end with a '.ts' extension when 'allowImportingTsExtensions' is enabled.
packages/session-tools-core/src/index.ts(351,8): error TS5097: An import path can only end with a '.ts' extension when 'allowImportingTsExtensions' is enabled.
packages/session-tools-core/src/knowledge/format.ts(19,31): error TS5097: An import path can only end with a '.ts' extension when 'allowImportingTsExtensions' is enabled.
packages/session-tools-core/src/knowledge/format.ts(20,68): error TS5097: An import path can only end with a '.ts' extension when 'allowImportingTsExtensions' is enabled.
packages/session-tools-core/src/runtime/host-bash-sandbox.ts(1,72): error TS5097: An import path can only end with a '.ts' extension when 'allowImportingTsExtensions' is enabled.
packages/session-tools-core/src/runtime/host-bash-sandbox.ts(2,66): error TS5097: An import path can only end with a '.ts' extension when 'allowImportingTsExtensions' is enabled.
packages/session-tools-core/src/tool-defs.ts(20,34): error TS5097: An import path can only end with a '.ts' extension when 'allowImportingTsExtensions' is enabled.
packages/session-tools-core/src/tool-defs.ts(21,38): error TS5097: An import path can only end with a '.ts' extension when 'allowImportingTsExtensions' is enabled.
packages/session-tools-core/src/tool-defs.ts(22,37): error TS5097: An import path can only end with a '.ts' extension when 'allowImportingTsExtensions' is enabled.
packages/session-tools-core/src/tool-defs.ts(23,39): error TS5097: An import path can only end with a '.ts' extension when 'allowImportingTsExtensions' is enabled.
packages/session-tools-core/src/tool-defs.ts(24,34): error TS5097: An import path can only end with a '.ts' extension when 'allowImportingTsExtensions' is enabled.
packages/session-tools-core/src/tool-defs.ts(30,8): error TS5097: An import path can only end with a '.ts' extension when 'allowImportingTsExtensions' is enabled.
packages/session-tools-core/src/tool-defs.ts(31,40): error TS5097: An import path can only end with a '.ts' extension when 'allowImportingTsExtensions' is enabled.
packages/session-tools-core/src/tool-defs.ts(32,41): error TS5097: An import path can only end with a '.ts' extension when 'allowImportingTsExtensions' is enabled.
packages/session-tools-core/src/tool-defs.ts(33,37): error TS5097: An import path can only end with a '.ts' extension when 'allowImportingTsExtensions' is enabled.
packages/session-tools-core/src/tool-defs.ts(34,37): error TS5097: An import path can only end with a '.ts' extension when 'allowImportingTsExtensions' is enabled.
packages/session-tools-core/src/tool-defs.ts(35,32): error TS5097: An import path can only end with a '.ts' extension when 'allowImportingTsExtensions' is enabled.
packages/session-tools-core/src/tool-defs.ts(36,38): error TS5097: An import path can only end with a '.ts' extension when 'allowImportingTsExtensions' is enabled.
packages/session-tools-core/src/tool-defs.ts(37,45): error TS5097: An import path can only end with a '.ts' extension when 'allowImportingTsExtensions' is enabled.
packages/session-tools-core/src/tool-defs.ts(38,40): error TS5097: An import path can only end with a '.ts' extension when 'allowImportingTsExtensions' is enabled.
packages/session-tools-core/src/tool-defs.ts(39,40): error TS5097: An import path can only end with a '.ts' extension when 'allowImportingTsExtensions' is enabled.
packages/session-tools-core/src/tool-defs.ts(40,38): error TS5097: An import path can only end with a '.ts' extension when 'allowImportingTsExtensions' is enabled.
packages/session-tools-core/src/tool-defs.ts(41,36): error TS5097: An import path can only end with a '.ts' extension when 'allowImportingTsExtensions' is enabled.
packages/session-tools-core/src/tool-defs.ts(42,43): error TS5097: An import path can only end with a '.ts' extension when 'allowImportingTsExtensions' is enabled.
packages/session-tools-core/src/tool-defs.ts(43,34): error TS5097: An import path can only end with a '.ts' extension when 'allowImportingTsExtensions' is enabled.
packages/session-tools-core/src/tool-defs.ts(51,8): error TS5097: An import path can only end with a '.ts' extension when 'allowImportingTsExtensions' is enabled.
packages/session-tools-core/src/tool-defs.ts(52,38): error TS5097: An import path can only end with a '.ts' extension when 'allowImportingTsExtensions' is enabled.
packages/session-tools-core/src/tool-defs.ts(53,40): error TS5097: An import path can only end with a '.ts' extension when 'allowImportingTsExtensions' is enabled.
packages/session-tools-core/src/tool-defs.ts(54,34): error TS5097: An import path can only end with a '.ts' extension when 'allowImportingTsExtensions' is enabled.
packages/session-tools-core/src/tool-defs.ts(55,75): error TS5097: An import path can only end with a '.ts' extension when 'allowImportingTsExtensions' is enabled.
packages/session-tools-core/src/tool-defs.ts(56,39): error TS5097: An import path can only end with a '.ts' extension when 'allowImportingTsExtensions' is enabled.
packages/session-tools-core/src/tool-defs.ts(57,37): error TS5097: An import path can only end with a '.ts' extension when 'allowImportingTsExtensions' is enabled.
packages/session-tools-core/src/tool-defs.ts(58,45): error TS5097: An import path can only end with a '.ts' extension when 'allowImportingTsExtensions' is enabled.
packages/session-tools-core/src/tool-defs.ts(59,40): error TS5097: An import path can only end with a '.ts' extension when 'allowImportingTsExtensions' is enabled.
packages/shared/src/agent/backend/base-event-adapter.ts(18,56): error TS5097: An import path can only end with a '.ts' extension when 'allowImportingTsExtensions' is enabled.
packages/shared/src/agent/backend/base-event-adapter.ts(19,30): error TS5097: An import path can only end with a '.ts' extension when 'allowImportingTsExtensions' is enabled.
packages/shared/src/agent/backend/base-event-adapter.ts(20,54): error TS5097: An import path can only end with a '.ts' extension when 'allowImportingTsExtensions' is enabled.
packages/shared/src/agent/backend/base-event-adapter.ts(24,38): error TS5097: An import path can only end with a '.ts' extension when 'allowImportingTsExtensions' is enabled.
packages/shared/src/agent/backend/claude/event-adapter.ts(18,34): error TS5097: An import path can only end with a '.ts' extension when 'allowImportingTsExtensions' is enabled.
packages/shared/src/agent/backend/claude/event-adapter.ts(19,103): error TS5097: An import path can only end with a '.ts' extension when 'allowImportingTsExtensions' is enabled.
packages/shared/src/agent/backend/claude/event-adapter.ts(20,48): error TS5097: An import path can only end with a '.ts' extension when 'allowImportingTsExtensions' is enabled.
packages/shared/src/agent/backend/factory.ts(26,29): error TS5097: An import path can only end with a '.ts' extension when 'allowImportingTsExtensions' is enabled.
packages/shared/src/agent/backend/factory.ts(27,25): error TS5097: An import path can only end with a '.ts' extension when 'allowImportingTsExtensions' is enabled.
packages/shared/src/agent/backend/factory.ts(28,26): error TS5097: An import path can only end with a '.ts' extension when 'allowImportingTsExtensions' is enabled.
packages/shared/src/agent/backend/factory.ts(34,8): error TS5097: An import path can only end with a '.ts' extension when 'allowImportingTsExtensions' is enabled.
packages/shared/src/agent/backend/factory.ts(41,8): error TS5097: An import path can only end with a '.ts' extension when 'allowImportingTsExtensions' is enabled.
packages/shared/src/agent/backend/factory.ts(42,64): error TS5097: An import path can only end with a '.ts' extension when 'allowImportingTsExtensions' is enabled.
packages/shared/src/agent/backend/factory.ts(45,77): error TS5097: An import path can only end with a '.ts' extension when 'allowImportingTsExtensions' is enabled.
packages/shared/src/agent/backend/factory.ts(49,38): error TS5097: An import path can only end with a '.ts' extension when 'allowImportingTsExtensions' is enabled.
packages/shared/src/agent/backend/factory.ts(58,40): error TS5097: An import path can only end with a '.ts' extension when 'allowImportingTsExtensions' is enabled.
packages/shared/src/agent/backend/factory.ts(62,8): error TS5097: An import path can only end with a '.ts' extension when 'allowImportingTsExtensions' is enabled.
packages/shared/src/agent/backend/factory.ts(63,33): error TS5097: An import path can only end with a '.ts' extension when 'allowImportingTsExtensions' is enabled.
packages/shared/src/agent/backend/factory.ts(64,26): error TS5097: An import path can only end with a '.ts' extension when 'allowImportingTsExtensions' is enabled.
packages/shared/src/agent/backend/factory.ts(65,27): error TS5097: An import path can only end with a '.ts' extension when 'allowImportingTsExtensions' is enabled.
packages/shared/src/agent/backend/factory.ts(66,67): error TS5097: An import path can only end with a '.ts' extension when 'allowImportingTsExtensions' is enabled.
packages/shared/src/agent/backend/factory.ts(910,60): error TS5097: An import path can only end with a '.ts' extension when 'allowImportingTsExtensions' is enabled.
packages/shared/src/agent/backend/index.ts(50,29): error TS5097: An import path can only end with a '.ts' extension when 'allowImportingTsExtensions' is enabled.
packages/shared/src/agent/backend/index.ts(84,8): error TS5097: An import path can only end with a '.ts' extension when 'allowImportingTsExtensions' is enabled.
packages/shared/src/agent/backend/index.ts(87,34): error TS5097: An import path can only end with a '.ts' extension when 'allowImportingTsExtensions' is enabled.
packages/shared/src/agent/backend/index.ts(88,28): error TS5097: An import path can only end with a '.ts' extension when 'allowImportingTsExtensions' is enabled.
packages/shared/src/agent/backend/index.ts(91,36): error TS5097: An import path can only end with a '.ts' extension when 'allowImportingTsExtensions' is enabled.
packages/shared/src/agent/backend/index.ts(92,32): error TS5097: An import path can only end with a '.ts' extension when 'allowImportingTsExtensions' is enabled.
packages/shared/src/agent/backend/internal/drivers/anthropic.ts(2,48): error TS5097: An import path can only end with a '.ts' extension when 'allowImportingTsExtensions' is enabled.
packages/shared/src/agent/backend/internal/drivers/anthropic.ts(3,45): error TS5097: An import path can only end with a '.ts' extension when 'allowImportingTsExtensions' is enabled.
packages/shared/src/agent/backend/internal/drivers/anthropic.ts(4,96): error TS5097: An import path can only end with a '.ts' extension when 'allowImportingTsExtensions' is enabled.
packages/shared/src/agent/backend/internal/drivers/anthropic.ts(119,57): error TS5097: An import path can only end with a '.ts' extension when 'allowImportingTsExtensions' is enabled.
packages/shared/src/agent/backend/internal/drivers/pi.ts(3,60): error TS5097: An import path can only end with a '.ts' extension when 'allowImportingTsExtensions' is enabled.
packages/shared/src/agent/backend/internal/drivers/pi.ts(4,38): error TS5097: An import path can only end with a '.ts' extension when 'allowImportingTsExtensions' is enabled.
packages/shared/src/agent/backend/internal/drivers/pi.ts(40,75): error TS5097: An import path can only end with a '.ts' extension when 'allowImportingTsExtensions' is enabled.
packages/shared/src/agent/backend/internal/runtime-resolver.ts(5,47): error TS5097: An import path can only end with a '.ts' extension when 'allowImportingTsExtensions' is enabled.
packages/shared/src/agent/backend/omp-session-policy.ts(2,65): error TS5097: An import path can only end with a '.ts' extension when 'allowImportingTsExtensions' is enabled.
packages/shared/src/agent/backend/pi/event-adapter.ts(21,34): error TS5097: An import path can only end with a '.ts' extension when 'allowImportingTsExtensions' is enabled.
packages/shared/src/agent/backend/pi/event-adapter.ts(22,34): error TS5097: An import path can only end with a '.ts' extension when 'allowImportingTsExtensions' is enabled.
packages/shared/src/agent/backend/pi/event-adapter.ts(23,35): error TS5097: An import path can only end with a '.ts' extension when 'allowImportingTsExtensions' is enabled.
packages/shared/src/agent/backend/pi/event-adapter.ts(24,46): error TS5097: An import path can only end with a '.ts' extension when 'allowImportingTsExtensions' is enabled.
packages/shared/src/agent/backend/pi/session-tool-defs.ts(13,31): error TS5097: An import path can only end with a '.ts' extension when 'allowImportingTsExtensions' is enabled.
packages/shared/src/agent/backend/read-patterns.ts(13,66): error TS5097: An import path can only end with a '.ts' extension when 'allowImportingTsExtensions' is enabled.
packages/shared/src/agent/backend/types.ts(28,51): error TS5097: An import path can only end with a '.ts' extension when 'allowImportingTsExtensions' is enabled.
packages/shared/src/agent/base-agent.ts(21,28): error TS5097: An import path can only end with a '.ts' extension when 'allowImportingTsExtensions' is enabled.
packages/shared/src/agent/base-agent.ts(22,48): error TS5097: An import path can only end with a '.ts' extension when 'allowImportingTsExtensions' is enabled.
packages/shared/src/agent/base-agent.ts(24,64): error TS5097: An import path can only end with a '.ts' extension when 'allowImportingTsExtensions' is enabled.
packages/shared/src/agent/base-agent.ts(27,80): error TS5097: An import path can only end with a '.ts' extension when 'allowImportingTsExtensions' is enabled.
packages/shared/src/agent/base-agent.ts(28,60): error TS5097: An import path can only end with a '.ts' extension when 'allowImportingTsExtensions' is enabled.
packages/shared/src/agent/base-agent.ts(29,32): error TS5097: An import path can only end with a '.ts' extension when 'allowImportingTsExtensions' is enabled.
packages/shared/src/agent/base-agent.ts(46,29): error TS5097: An import path can only end with a '.ts' extension when 'allowImportingTsExtensions' is enabled.
packages/shared/src/agent/base-agent.ts(51,35): error TS5097: An import path can only end with a '.ts' extension when 'allowImportingTsExtensions' is enabled.
packages/shared/src/agent/base-agent.ts(52,31): error TS5097: An import path can only end with a '.ts' extension when 'allowImportingTsExtensions' is enabled.
packages/shared/src/agent/base-agent.ts(53,31): error TS5097: An import path can only end with a '.ts' extension when 'allowImportingTsExtensions' is enabled.
packages/shared/src/agent/base-agent.ts(54,31): error TS5097: An import path can only end with a '.ts' extension when 'allowImportingTsExtensions' is enabled.
packages/shared/src/agent/base-agent.ts(55,74): error TS5097: An import path can only end with a '.ts' extension when 'allowImportingTsExtensions' is enabled.
packages/shared/src/agent/base-agent.ts(56,48): error TS5097: An import path can only end with a '.ts' extension when 'allowImportingTsExtensions' is enabled.
packages/shared/src/agent/base-agent.ts(57,37): error TS5097: An import path can only end with a '.ts' extension when 'allowImportingTsExtensions' is enabled.
packages/shared/src/agent/base-agent.ts(62,73): error TS5097: An import path can only end with a '.ts' extension when 'allowImportingTsExtensions' is enabled.
packages/shared/src/agent/base-agent.ts(63,42): error TS5097: An import path can only end with a '.ts' extension when 'allowImportingTsExtensions' is enabled.
packages/shared/src/agent/base-agent.ts(64,77): error TS5097: An import path can only end with a '.ts' extension when 'allowImportingTsExtensions' is enabled.
packages/shared/src/agent/base-agent.ts(67,97): error TS5097: An import path can only end with a '.ts' extension when 'allowImportingTsExtensions' is enabled.
packages/shared/src/agent/base-agent.ts(68,31): error TS5097: An import path can only end with a '.ts' extension when 'allowImportingTsExtensions' is enabled.
packages/shared/src/agent/bash-validator.ts(19,23): error TS5097: An import path can only end with a '.ts' extension when 'allowImportingTsExtensions' is enabled.
packages/shared/src/agent/browser-tool-runtime.ts(15,8): error TS5097: An import path can only end with a '.ts' extension when 'allowImportingTsExtensions' is enabled.
packages/shared/src/agent/browser-tools.ts(15,43): error TS5097: An import path can only end with a '.ts' extension when 'allowImportingTsExtensions' is enabled.
packages/shared/src/agent/claude-agent.ts(2,59): error TS5097: An import path can only end with a '.ts' extension when 'allowImportingTsExtensions' is enabled.
packages/shared/src/agent/claude-agent.ts(10,33): error TS5097: An import path can only end with a '.ts' extension when 'allowImportingTsExtensions' is enabled.
packages/shared/src/agent/claude-agent.ts(11,88): error TS5097: An import path can only end with a '.ts' extension when 'allowImportingTsExtensions' is enabled.
packages/shared/src/agent/claude-agent.ts(14,45): error TS5097: An import path can only end with a '.ts' extension when 'allowImportingTsExtensions' is enabled.
packages/shared/src/agent/claude-agent.ts(15,68): error TS5097: An import path can only end with a '.ts' extension when 'allowImportingTsExtensions' is enabled.
packages/shared/src/agent/claude-agent.ts(16,37): error TS5097: An import path can only end with a '.ts' extension when 'allowImportingTsExtensions' is enabled.
packages/shared/src/agent/claude-agent.ts(17,128): error TS5097: An import path can only end with a '.ts' extension when 'allowImportingTsExtensions' is enabled.
packages/shared/src/agent/claude-agent.ts(18,42): error TS5097: An import path can only end with a '.ts' extension when 'allowImportingTsExtensions' is enabled.
packages/shared/src/agent/claude-agent.ts(22,8): error TS5097: An import path can only end with a '.ts' extension when 'allowImportingTsExtensions' is enabled.
packages/shared/src/agent/claude-agent.ts(24,65): error TS5097: An import path can only end with a '.ts' extension when 'allowImportingTsExtensions' is enabled.
packages/shared/src/agent/claude-agent.ts(25,115): error TS5097: An import path can only end with a '.ts' extension when 'allowImportingTsExtensions' is enabled.
packages/shared/src/agent/claude-agent.ts(26,46): error TS5097: An import path can only end with a '.ts' extension when 'allowImportingTsExtensions' is enabled.
packages/shared/src/agent/claude-agent.ts(28,132): error TS5097: An import path can only end with a '.ts' extension when 'allowImportingTsExtensions' is enabled.
packages/shared/src/agent/claude-agent.ts(29,38): error TS5097: An import path can only end with a '.ts' extension when 'allowImportingTsExtensions' is enabled.
packages/shared/src/agent/claude-agent.ts(30,84): error TS5097: An import path can only end with a '.ts' extension when 'allowImportingTsExtensions' is enabled.
packages/shared/src/agent/claude-agent.ts(33,41): error TS5097: An import path can only end with a '.ts' extension when 'allowImportingTsExtensions' is enabled.
packages/shared/src/agent/claude-agent.ts(34,23): error TS5097: An import path can only end with a '.ts' extension when 'allowImportingTsExtensions' is enabled.
packages/shared/src/agent/claude-agent.ts(35,34): error TS5097: An import path can only end with a '.ts' extension when 'allowImportingTsExtensions' is enabled.
packages/shared/src/agent/claude-agent.ts(36,49): error TS5097: An import path can only end with a '.ts' extension when 'allowImportingTsExtensions' is enabled.
packages/shared/src/agent/claude-agent.ts(37,102): error TS5097: An import path can only end with a '.ts' extension when 'allowImportingTsExtensions' is enabled.
packages/shared/src/agent/claude-agent.ts(38,48): error TS5097: An import path can only end with a '.ts' extension when 'allowImportingTsExtensions' is enabled.
packages/shared/src/agent/claude-agent.ts(48,8): error TS5097: An import path can only end with a '.ts' extension when 'allowImportingTsExtensions' is enabled.
packages/shared/src/agent/claude-agent.ts(49,74): error TS5097: An import path can only end with a '.ts' extension when 'allowImportingTsExtensions' is enabled.
packages/shared/src/agent/claude-agent.ts(61,8): error TS5097: An import path can only end with a '.ts' extension when 'allowImportingTsExtensions' is enabled.
packages/shared/src/agent/claude-agent.ts(62,73): error TS5097: An import path can only end with a '.ts' extension when 'allowImportingTsExtensions' is enabled.
packages/shared/src/agent/claude-agent.ts(63,33): error TS5097: An import path can only end with a '.ts' extension when 'allowImportingTsExtensions' is enabled.
packages/shared/src/agent/claude-agent.ts(64,38): error TS5097: An import path can only end with a '.ts' extension when 'allowImportingTsExtensions' is enabled.
packages/shared/src/agent/claude-agent.ts(69,8): error TS5097: An import path can only end with a '.ts' extension when 'allowImportingTsExtensions' is enabled.
packages/shared/src/agent/claude-agent.ts(76,8): error TS5097: An import path can only end with a '.ts' extension when 'allowImportingTsExtensions' is enabled.
packages/shared/src/agent/claude-agent.ts(77,28): error TS5097: An import path can only end with a '.ts' extension when 'allowImportingTsExtensions' is enabled.
packages/shared/src/agent/claude-agent.ts(78,31): error TS5097: An import path can only end with a '.ts' extension when 'allowImportingTsExtensions' is enabled.
packages/shared/src/agent/claude-agent.ts(80,99): error TS5097: An import path can only end with a '.ts' extension when 'allowImportingTsExtensions' is enabled.
packages/shared/src/agent/claude-agent.ts(81,45): error TS5097: An import path can only end with a '.ts' extension when 'allowImportingTsExtensions' is enabled.
packages/shared/src/agent/claude-agent.ts(83,43): error TS5097: An import path can only end with a '.ts' extension when 'allowImportingTsExtensions' is enabled.
packages/shared/src/agent/claude-agent.ts(99,8): error TS5097: An import path can only end with a '.ts' extension when 'allowImportingTsExtensions' is enabled.
packages/shared/src/agent/claude-agent.ts(100,30): error TS5097: An import path can only end with a '.ts' extension when 'allowImportingTsExtensions' is enabled.
packages/shared/src/agent/claude-agent.ts(115,8): error TS5097: An import path can only end with a '.ts' extension when 'allowImportingTsExtensions' is enabled.
packages/shared/src/agent/claude-agent.ts(123,62): error TS5097: An import path can only end with a '.ts' extension when 'allowImportingTsExtensions' is enabled.
packages/shared/src/agent/claude-agent.ts(126,96): error TS5097: An import path can only end with a '.ts' extension when 'allowImportingTsExtensions' is enabled.
packages/shared/src/agent/claude-agent.ts(133,51): error TS5097: An import path can only end with a '.ts' extension when 'allowImportingTsExtensions' is enabled.
packages/shared/src/agent/claude-agent.ts(2202,66): error TS5097: An import path can only end with a '.ts' extension when 'allowImportingTsExtensions' is enabled.
packages/shared/src/agent/claude-agent.ts(2298,78): error TS5097: An import path can only end with a '.ts' extension when 'allowImportingTsExtensions' is enabled.
packages/shared/src/agent/claude-context.ts(40,8): error TS5097: An import path can only end with a '.ts' extension when 'allowImportingTsExtensions' is enabled.
packages/shared/src/agent/claude-context.ts(41,37): error TS5097: An import path can only end with a '.ts' extension when 'allowImportingTsExtensions' is enabled.
packages/shared/src/agent/claude-context.ts(45,8): error TS5097: An import path can only end with a '.ts' extension when 'allowImportingTsExtensions' is enabled.
packages/shared/src/agent/claude-context.ts(50,8): error TS5097: An import path can only end with a '.ts' extension when 'allowImportingTsExtensions' is enabled.
packages/shared/src/agent/claude-context.ts(52,44): error TS5097: An import path can only end with a '.ts' extension when 'allowImportingTsExtensions' is enabled.
packages/shared/src/agent/claude-context.ts(53,41): error TS5097: An import path can only end with a '.ts' extension when 'allowImportingTsExtensions' is enabled.
packages/shared/src/agent/claude-context.ts(54,40): error TS5097: An import path can only end with a '.ts' extension when 'allowImportingTsExtensions' is enabled.
packages/shared/src/agent/claude-context.ts(55,97): error TS5097: An import path can only end with a '.ts' extension when 'allowImportingTsExtensions' is enabled.
packages/shared/src/agent/claude-context.ts(56,55): error TS5097: An import path can only end with a '.ts' extension when 'allowImportingTsExtensions' is enabled.
packages/shared/src/agent/claude-context.ts(64,8): error TS5097: An import path can only end with a '.ts' extension when 'allowImportingTsExtensions' is enabled.
packages/shared/src/agent/claude-context.ts(65,72): error TS5097: An import path can only end with a '.ts' extension when 'allowImportingTsExtensions' is enabled.
packages/shared/src/agent/claude-context.ts(66,23): error TS5097: An import path can only end with a '.ts' extension when 'allowImportingTsExtensions' is enabled.
packages/shared/src/agent/claude-context.ts(67,73): error TS5097: An import path can only end with a '.ts' extension when 'allowImportingTsExtensions' is enabled.
packages/shared/src/agent/claude-context.ts(68,60): error TS5097: An import path can only end with a '.ts' extension when 'allowImportingTsExtensions' is enabled.
packages/shared/src/agent/claude-context.ts(69,34): error TS5097: An import path can only end with a '.ts' extension when 'allowImportingTsExtensions' is enabled.
packages/shared/src/agent/claude-sdk-error-mapper.ts(4,61): error TS5097: An import path can only end with a '.ts' extension when 'allowImportingTsExtensions' is enabled.
packages/shared/src/agent/core/agent-budget.ts(4,30): error TS5097: An import path can only end with a '.ts' extension when 'allowImportingTsExtensions' is enabled.
packages/shared/src/agent/core/config-validator.ts(1,34): error TS5097: An import path can only end with a '.ts' extension when 'allowImportingTsExtensions' is enabled.
packages/shared/src/agent/core/config-watcher-manager.ts(18,8): error TS5097: An import path can only end with a '.ts' extension when 'allowImportingTsExtensions' is enabled.
packages/shared/src/agent/core/config-watcher-manager.ts(22,23): error TS5097: An import path can only end with a '.ts' extension when 'allowImportingTsExtensions' is enabled.
packages/shared/src/agent/core/index.ts(54,29): error TS5097: An import path can only end with a '.ts' extension when 'allowImportingTsExtensions' is enabled.
packages/shared/src/agent/core/index.ts(69,8): error TS5097: An import path can only end with a '.ts' extension when 'allowImportingTsExtensions' is enabled.
packages/shared/src/agent/core/index.ts(72,35): error TS5097: An import path can only end with a '.ts' extension when 'allowImportingTsExtensions' is enabled.
packages/shared/src/agent/core/index.ts(75,31): error TS5097: An import path can only end with a '.ts' extension when 'allowImportingTsExtensions' is enabled.
packages/shared/src/agent/core/index.ts(78,31): error TS5097: An import path can only end with a '.ts' extension when 'allowImportingTsExtensions' is enabled.
packages/shared/src/agent/core/index.ts(88,8): error TS5097: An import path can only end with a '.ts' extension when 'allowImportingTsExtensions' is enabled.
packages/shared/src/agent/core/index.ts(91,33): error TS5097: An import path can only end with a '.ts' extension when 'allowImportingTsExtensions' is enabled.
packages/shared/src/agent/core/index.ts(97,8): error TS5097: An import path can only end with a '.ts' extension when 'allowImportingTsExtensions' is enabled.
packages/shared/src/agent/core/index.ts(103,8): error TS5097: An import path can only end with a '.ts' extension when 'allowImportingTsExtensions' is enabled.
packages/shared/src/agent/core/index.ts(109,8): error TS5097: An import path can only end with a '.ts' extension when 'allowImportingTsExtensions' is enabled.
packages/shared/src/agent/core/index.ts(117,8): error TS5097: An import path can only end with a '.ts' extension when 'allowImportingTsExtensions' is enabled.
packages/shared/src/agent/core/index.ts(150,8): error TS5097: An import path can only end with a '.ts' extension when 'allowImportingTsExtensions' is enabled.
packages/shared/src/agent/core/index.ts(153,37): error TS5097: An import path can only end with a '.ts' extension when 'allowImportingTsExtensions' is enabled.
packages/shared/src/agent/core/index.ts(161,36): error TS5097: An import path can only end with a '.ts' extension when 'allowImportingTsExtensions' is enabled.
packages/shared/src/agent/core/index.ts(164,73): error TS5097: An import path can only end with a '.ts' extension when 'allowImportingTsExtensions' is enabled.
packages/shared/src/agent/core/path-processor.ts(1,34): error TS5097: An import path can only end with a '.ts' extension when 'allowImportingTsExtensions' is enabled.
packages/shared/src/agent/core/path-processor.ts(23,8): error TS5097: An import path can only end with a '.ts' extension when 'allowImportingTsExtensions' is enabled.
packages/shared/src/agent/core/permission-manager.ts(25,8): error TS5097: An import path can only end with a '.ts' extension when 'allowImportingTsExtensions' is enabled.
packages/shared/src/agent/core/permission-manager.ts(26,30): error TS5097: An import path can only end with a '.ts' extension when 'allowImportingTsExtensions' is enabled.
packages/shared/src/agent/core/permission-manager.ts(27,65): error TS5097: An import path can only end with a '.ts' extension when 'allowImportingTsExtensions' is enabled.
packages/shared/src/agent/core/pre-tool-use.ts(25,8): error TS5097: An import path can only end with a '.ts' extension when 'allowImportingTsExtensions' is enabled.
packages/shared/src/agent/core/pre-tool-use.ts(26,28): error TS5097: An import path can only end with a '.ts' extension when 'allowImportingTsExtensions' is enabled.
packages/shared/src/agent/core/pre-tool-use.ts(33,8): error TS5097: An import path can only end with a '.ts' extension when 'allowImportingTsExtensions' is enabled.
packages/shared/src/agent/core/pre-tool-use.ts(39,8): error TS5097: An import path can only end with a '.ts' extension when 'allowImportingTsExtensions' is enabled.
packages/shared/src/agent/core/pre-tool-use.ts(40,31): error TS5097: An import path can only end with a '.ts' extension when 'allowImportingTsExtensions' is enabled.
packages/shared/src/agent/core/pre-tool-use.ts(41,36): error TS5097: An import path can only end with a '.ts' extension when 'allowImportingTsExtensions' is enabled.
packages/shared/src/agent/core/pre-tool-use.ts(42,67): error TS5097: An import path can only end with a '.ts' extension when 'allowImportingTsExtensions' is enabled.
packages/shared/src/agent/core/pre-tool-use.ts(49,8): error TS5097: An import path can only end with a '.ts' extension when 'allowImportingTsExtensions' is enabled.
packages/shared/src/agent/core/pre-tool-use.ts(50,66): error TS5097: An import path can only end with a '.ts' extension when 'allowImportingTsExtensions' is enabled.
packages/shared/src/agent/core/pre-tool-use.ts(51,65): error TS5097: An import path can only end with a '.ts' extension when 'allowImportingTsExtensions' is enabled.
packages/shared/src/agent/core/pre-tool-use.ts(53,36): error TS5097: An import path can only end with a '.ts' extension when 'allowImportingTsExtensions' is enabled.
packages/shared/src/agent/core/prerequisite-manager.ts(15,28): error TS5097: An import path can only end with a '.ts' extension when 'allowImportingTsExtensions' is enabled.
packages/shared/src/agent/core/prerequisite-manager.ts(16,39): error TS5097: An import path can only end with a '.ts' extension when 'allowImportingTsExtensions' is enabled.
packages/shared/src/agent/core/prerequisite-manager.ts(17,34): error TS5097: An import path can only end with a '.ts' extension when 'allowImportingTsExtensions' is enabled.
packages/shared/src/agent/core/prompt-builder.ts(15,35): error TS5097: An import path can only end with a '.ts' extension when 'allowImportingTsExtensions' is enabled.
packages/shared/src/agent/core/prompt-builder.ts(16,44): error TS5097: An import path can only end with a '.ts' extension when 'allowImportingTsExtensions' is enabled.
packages/shared/src/agent/core/prompt-builder.ts(17,36): error TS5097: An import path can only end with a '.ts' extension when 'allowImportingTsExtensions' is enabled.
packages/shared/src/agent/core/prompt-builder.ts(18,64): error TS5097: An import path can only end with a '.ts' extension when 'allowImportingTsExtensions' is enabled.
packages/shared/src/agent/core/prompt-builder.ts(19,73): error TS5097: An import path can only end with a '.ts' extension when 'allowImportingTsExtensions' is enabled.
packages/shared/src/agent/core/source-manager.ts(17,43): error TS5097: An import path can only end with a '.ts' extension when 'allowImportingTsExtensions' is enabled.
packages/shared/src/agent/core/types.ts(28,8): error TS5097: An import path can only end with a '.ts' extension when 'allowImportingTsExtensions' is enabled.
packages/shared/src/agent/diagnostics.ts(9,33): error TS5097: An import path can only end with a '.ts' extension when 'allowImportingTsExtensions' is enabled.
packages/shared/src/agent/diagnostics.ts(10,74): error TS5097: An import path can only end with a '.ts' extension when 'allowImportingTsExtensions' is enabled.
packages/shared/src/agent/diagnostics.ts(11,38): error TS5097: An import path can only end with a '.ts' extension when 'allowImportingTsExtensions' is enabled.
packages/shared/src/agent/diagnostics.ts(12,45): error TS5097: An import path can only end with a '.ts' extension when 'allowImportingTsExtensions' is enabled.
packages/shared/src/agent/diagnostics.ts(14,37): error TS5097: An import path can only end with a '.ts' extension when 'allowImportingTsExtensions' is enabled.
packages/shared/src/agent/diagnostics.ts(229,59): error TS5097: An import path can only end with a '.ts' extension when 'allowImportingTsExtensions' is enabled.
packages/shared/src/agent/errors.ts(13,37): error TS5097: An import path can only end with a '.ts' extension when 'allowImportingTsExtensions' is enabled.
packages/shared/src/agent/index.ts(2,15): error TS5097: An import path can only end with a '.ts' extension when 'allowImportingTsExtensions' is enabled.
packages/shared/src/agent/index.ts(3,15): error TS5097: An import path can only end with a '.ts' extension when 'allowImportingTsExtensions' is enabled.
packages/shared/src/agent/index.ts(6,36): error TS5097: An import path can only end with a '.ts' extension when 'allowImportingTsExtensions' is enabled.
packages/shared/src/agent/index.ts(9,38): error TS5097: An import path can only end with a '.ts' extension when 'allowImportingTsExtensions' is enabled.
packages/shared/src/agent/index.ts(10,44): error TS5097: An import path can only end with a '.ts' extension when 'allowImportingTsExtensions' is enabled.
packages/shared/src/agent/index.ts(11,15): error TS5097: An import path can only end with a '.ts' extension when 'allowImportingTsExtensions' is enabled.
packages/shared/src/agent/index.ts(12,15): error TS5097: An import path can only end with a '.ts' extension when 'allowImportingTsExtensions' is enabled.
packages/shared/src/agent/index.ts(13,15): error TS5097: An import path can only end with a '.ts' extension when 'allowImportingTsExtensions' is enabled.
packages/shared/src/agent/index.ts(14,15): error TS5097: An import path can only end with a '.ts' extension when 'allowImportingTsExtensions' is enabled.
packages/shared/src/agent/index.ts(43,8): error TS5097: An import path can only end with a '.ts' extension when 'allowImportingTsExtensions' is enabled.
packages/shared/src/agent/index.ts(75,8): error TS5097: An import path can only end with a '.ts' extension when 'allowImportingTsExtensions' is enabled.
packages/shared/src/agent/index.ts(79,67): error TS5097: An import path can only end with a '.ts' extension when 'allowImportingTsExtensions' is enabled.
packages/shared/src/agent/index.ts(90,8): error TS5097: An import path can only end with a '.ts' extension when 'allowImportingTsExtensions' is enabled.
packages/shared/src/agent/index.ts(123,8): error TS5097: An import path can only end with a '.ts' extension when 'allowImportingTsExtensions' is enabled.
packages/shared/src/agent/index.ts(133,8): error TS5097: An import path can only end with a '.ts' extension when 'allowImportingTsExtensions' is enabled.
packages/shared/src/agent/index.ts(138,8): error TS5097: An import path can only end with a '.ts' extension when 'allowImportingTsExtensions' is enabled.
packages/shared/src/agent/index.ts(146,8): error TS5097: An import path can only end with a '.ts' extension when 'allowImportingTsExtensions' is enabled.
packages/shared/src/agent/index.ts(155,8): error TS5097: An import path can only end with a '.ts' extension when 'allowImportingTsExtensions' is enabled.
packages/shared/src/agent/index.ts(179,8): error TS5097: An import path can only end with a '.ts' extension when 'allowImportingTsExtensions' is enabled.
packages/shared/src/agent/index.ts(182,15): error TS5097: An import path can only end with a '.ts' extension when 'allowImportingTsExtensions' is enabled.
packages/shared/src/agent/index.ts(191,8): error TS5097: An import path can only end with a '.ts' extension when 'allowImportingTsExtensions' is enabled.
packages/shared/src/agent/index.ts(194,44): error TS5097: An import path can only end with a '.ts' extension when 'allowImportingTsExtensions' is enabled.
packages/shared/src/agent/index.ts(201,8): error TS5097: An import path can only end with a '.ts' extension when 'allowImportingTsExtensions' is enabled.
packages/shared/src/agent/llm-tool.ts(28,76): error TS5097: An import path can only end with a '.ts' extension when 'allowImportingTsExtensions' is enabled.
packages/shared/src/agent/mode-manager.ts(15,34): error TS5097: An import path can only end with a '.ts' extension when 'allowImportingTsExtensions' is enabled.
packages/shared/src/agent/mode-manager.ts(19,23): error TS5097: An import path can only end with a '.ts' extension when 'allowImportingTsExtensions' is enabled.
packages/shared/src/agent/mode-manager.ts(22,31): error TS5097: An import path can only end with a '.ts' extension when 'allowImportingTsExtensions' is enabled.
packages/shared/src/agent/mode-manager.ts(23,42): error TS5097: An import path can only end with a '.ts' extension when 'allowImportingTsExtensions' is enabled.
packages/shared/src/agent/mode-manager.ts(30,8): error TS5097: An import path can only end with a '.ts' extension when 'allowImportingTsExtensions' is enabled.
packages/shared/src/agent/mode-manager.ts(38,8): error TS5097: An import path can only end with a '.ts' extension when 'allowImportingTsExtensions' is enabled.
packages/shared/src/agent/mode-manager.ts(52,8): error TS5097: An import path can only end with a '.ts' extension when 'allowImportingTsExtensions' is enabled.
packages/shared/src/agent/omp-agent.ts(1,40): error TS5097: An import path can only end with a '.ts' extension when 'allowImportingTsExtensions' is enabled.
packages/shared/src/agent/omp-agent.ts(2,41): error TS5097: An import path can only end with a '.ts' extension when 'allowImportingTsExtensions' is enabled.
packages/shared/src/agent/omp-agent.ts(53,32): error TS5097: An import path can only end with a '.ts' extension when 'allowImportingTsExtensions' is enabled.
packages/shared/src/agent/omp-agent.ts(54,115): error TS5097: An import path can only end with a '.ts' extension when 'allowImportingTsExtensions' is enabled.
packages/shared/src/agent/omp-agent.ts(55,46): error TS5097: An import path can only end with a '.ts' extension when 'allowImportingTsExtensions' is enabled.
packages/shared/src/agent/omp-agent.ts(57,47): error TS5097: An import path can only end with a '.ts' extension when 'allowImportingTsExtensions' is enabled.
packages/shared/src/agent/omp-agent.ts(58,36): error TS5097: An import path can only end with a '.ts' extension when 'allowImportingTsExtensions' is enabled.
packages/shared/src/agent/omp-agent.ts(60,43): error TS5097: An import path can only end with a '.ts' extension when 'allowImportingTsExtensions' is enabled.
packages/shared/src/agent/omp-agent.ts(61,44): error TS5097: An import path can only end with a '.ts' extension when 'allowImportingTsExtensions' is enabled.
packages/shared/src/agent/omp-agent.ts(64,33): error TS5097: An import path can only end with a '.ts' extension when 'allowImportingTsExtensions' is enabled.
packages/shared/src/agent/omp-agent.ts(65,86): error TS5097: An import path can only end with a '.ts' extension when 'allowImportingTsExtensions' is enabled.
packages/shared/src/agent/omp-agent.ts(66,40): error TS5097: An import path can only end with a '.ts' extension when 'allowImportingTsExtensions' is enabled.
packages/shared/src/agent/omp-agent.ts(68,29): error TS5097: An import path can only end with a '.ts' extension when 'allowImportingTsExtensions' is enabled.
packages/shared/src/agent/omp-agent.ts(74,28): error TS5097: An import path can only end with a '.ts' extension when 'allowImportingTsExtensions' is enabled.
packages/shared/src/agent/omp-agent.ts(80,27): error TS5097: An import path can only end with a '.ts' extension when 'allowImportingTsExtensions' is enabled.
packages/shared/src/agent/omp-agent.ts(81,127): error TS5097: An import path can only end with a '.ts' extension when 'allowImportingTsExtensions' is enabled.
packages/shared/src/agent/omp-agent.ts(82,103): error TS5097: An import path can only end with a '.ts' extension when 'allowImportingTsExtensions' is enabled.
packages/shared/src/agent/omp-agent.ts(83,38): error TS5097: An import path can only end with a '.ts' extension when 'allowImportingTsExtensions' is enabled.
packages/shared/src/agent/omp-agent.ts(84,94): error TS5097: An import path can only end with a '.ts' extension when 'allowImportingTsExtensions' is enabled.
packages/shared/src/agent/omp-agent.ts(91,8): error TS5097: An import path can only end with a '.ts' extension when 'allowImportingTsExtensions' is enabled.
packages/shared/src/agent/omp-agent.ts(95,36): error TS5097: An import path can only end with a '.ts' extension when 'allowImportingTsExtensions' is enabled.
packages/shared/src/agent/omp-agent.ts(96,59): error TS5097: An import path can only end with a '.ts' extension when 'allowImportingTsExtensions' is enabled.
packages/shared/src/agent/omp-agent.ts(103,62): error TS5097: An import path can only end with a '.ts' extension when 'allowImportingTsExtensions' is enabled.
packages/shared/src/agent/omp-agent.ts(104,53): error TS5097: An import path can only end with a '.ts' extension when 'allowImportingTsExtensions' is enabled.
packages/shared/src/agent/omp-agent.ts(108,8): error TS5097: An import path can only end with a '.ts' extension when 'allowImportingTsExtensions' is enabled.
packages/shared/src/agent/omp-agent.ts(109,43): error TS5097: An import path can only end with a '.ts' extension when 'allowImportingTsExtensions' is enabled.
packages/shared/src/agent/omp-agent.ts(110,42): error TS5097: An import path can only end with a '.ts' extension when 'allowImportingTsExtensions' is enabled.
packages/shared/src/agent/omp-agent.ts(111,36): error TS5097: An import path can only end with a '.ts' extension when 'allowImportingTsExtensions' is enabled.
packages/shared/src/agent/omp-agent.ts(112,82): error TS5097: An import path can only end with a '.ts' extension when 'allowImportingTsExtensions' is enabled.
packages/shared/src/agent/omp-agent.ts(113,65): error TS5097: An import path can only end with a '.ts' extension when 'allowImportingTsExtensions' is enabled.
packages/shared/src/agent/omp-agent.ts(114,68): error TS5097: An import path can only end with a '.ts' extension when 'allowImportingTsExtensions' is enabled.
packages/shared/src/agent/omp-agent.ts(116,34): error TS5097: An import path can only end with a '.ts' extension when 'allowImportingTsExtensions' is enabled.
packages/shared/src/agent/omp-first-run.ts(21,41): error TS5097: An import path can only end with a '.ts' extension when 'allowImportingTsExtensions' is enabled.
packages/shared/src/agent/omp-first-run.ts(22,42): error TS5097: An import path can only end with a '.ts' extension when 'allowImportingTsExtensions' is enabled.
packages/shared/src/agent/omp-first-run.ts(24,68): error TS5097: An import path can only end with a '.ts' extension when 'allowImportingTsExtensions' is enabled.
packages/shared/src/agent/omp-model-selection.ts(6,8): error TS5097: An import path can only end with a '.ts' extension when 'allowImportingTsExtensions' is enabled.
packages/shared/src/agent/options.ts(6,33): error TS5097: An import path can only end with a '.ts' extension when 'allowImportingTsExtensions' is enabled.
packages/shared/src/agent/options.ts(7,32): error TS5097: An import path can only end with a '.ts' extension when 'allowImportingTsExtensions' is enabled.
packages/shared/src/agent/permissions-config.ts(16,23): error TS5097: An import path can only end with a '.ts' extension when 'allowImportingTsExtensions' is enabled.
packages/shared/src/agent/permissions-config.ts(17,49): error TS5097: An import path can only end with a '.ts' extension when 'allowImportingTsExtensions' is enabled.
packages/shared/src/agent/permissions-config.ts(18,37): error TS5097: An import path can only end with a '.ts' extension when 'allowImportingTsExtensions' is enabled.
packages/shared/src/agent/permissions-config.ts(19,31): error TS5097: An import path can only end with a '.ts' extension when 'allowImportingTsExtensions' is enabled.
packages/shared/src/agent/permissions-config.ts(20,40): error TS5097: An import path can only end with a '.ts' extension when 'allowImportingTsExtensions' is enabled.
packages/shared/src/agent/permissions-config.ts(21,31): error TS5097: An import path can only end with a '.ts' extension when 'allowImportingTsExtensions' is enabled.
packages/shared/src/agent/permissions-config.ts(22,37): error TS5097: An import path can only end with a '.ts' extension when 'allowImportingTsExtensions' is enabled.
packages/shared/src/agent/permissions-config.ts(33,8): error TS5097: An import path can only end with a '.ts' extension when 'allowImportingTsExtensions' is enabled.
packages/shared/src/agent/permissions-config.ts(34,77): error TS5097: An import path can only end with a '.ts' extension when 'allowImportingTsExtensions' is enabled.
packages/shared/src/agent/permissions-config.ts(35,34): error TS5097: An import path can only end with a '.ts' extension when 'allowImportingTsExtensions' is enabled.
packages/shared/src/agent/pi-agent.ts(20,33): error TS5097: An import path can only end with a '.ts' extension when 'allowImportingTsExtensions' is enabled.
packages/shared/src/agent/pi-agent.ts(21,41): error TS5097: An import path can only end with a '.ts' extension when 'allowImportingTsExtensions' is enabled.
packages/shared/src/agent/pi-agent.ts(29,29): error TS5097: An import path can only end with a '.ts' extension when 'allowImportingTsExtensions' is enabled.
packages/shared/src/agent/pi-agent.ts(30,35): error TS5097: An import path can only end with a '.ts' extension when 'allowImportingTsExtensions' is enabled.
packages/shared/src/agent/pi-agent.ts(31,49): error TS5097: An import path can only end with a '.ts' extension when 'allowImportingTsExtensions' is enabled.
packages/shared/src/agent/pi-agent.ts(37,30): error TS5097: An import path can only end with a '.ts' extension when 'allowImportingTsExtensions' is enabled.
packages/shared/src/agent/pi-agent.ts(38,32): error TS5097: An import path can only end with a '.ts' extension when 'allowImportingTsExtensions' is enabled.
packages/shared/src/agent/pi-agent.ts(41,27): error TS5097: An import path can only end with a '.ts' extension when 'allowImportingTsExtensions' is enabled.
packages/shared/src/agent/pi-agent.ts(45,32): error TS5097: An import path can only end with a '.ts' extension when 'allowImportingTsExtensions' is enabled.
packages/shared/src/agent/pi-agent.ts(46,28): error TS5097: An import path can only end with a '.ts' extension when 'allowImportingTsExtensions' is enabled.
packages/shared/src/agent/pi-agent.ts(49,33): error TS5097: An import path can only end with a '.ts' extension when 'allowImportingTsExtensions' is enabled.
packages/shared/src/agent/pi-agent.ts(50,39): error TS5097: An import path can only end with a '.ts' extension when 'allowImportingTsExtensions' is enabled.
packages/shared/src/agent/pi-agent.ts(51,115): error TS5097: An import path can only end with a '.ts' extension when 'allowImportingTsExtensions' is enabled.
packages/shared/src/agent/pi-agent.ts(52,46): error TS5097: An import path can only end with a '.ts' extension when 'allowImportingTsExtensions' is enabled.
packages/shared/src/agent/pi-agent.ts(56,38): error TS5097: An import path can only end with a '.ts' extension when 'allowImportingTsExtensions' is enabled.
packages/shared/src/agent/pi-agent.ts(59,38): error TS5097: An import path can only end with a '.ts' extension when 'allowImportingTsExtensions' is enabled.
packages/shared/src/agent/pi-agent.ts(68,8): error TS5097: An import path can only end with a '.ts' extension when 'allowImportingTsExtensions' is enabled.
packages/shared/src/agent/pi-agent.ts(69,53): error TS5097: An import path can only end with a '.ts' extension when 'allowImportingTsExtensions' is enabled.
packages/shared/src/agent/pi-agent.ts(72,36): error TS5097: An import path can only end with a '.ts' extension when 'allowImportingTsExtensions' is enabled.
packages/shared/src/agent/pi-agent.ts(73,38): error TS5097: An import path can only end with a '.ts' extension when 'allowImportingTsExtensions' is enabled.
packages/shared/src/agent/pi-agent.ts(81,62): error TS5097: An import path can only end with a '.ts' extension when 'allowImportingTsExtensions' is enabled.
packages/shared/src/agent/pi-agent.ts(82,46): error TS5097: An import path can only end with a '.ts' extension when 'allowImportingTsExtensions' is enabled.
packages/shared/src/agent/pi-agent.ts(94,73): error TS5097: An import path can only end with a '.ts' extension when 'allowImportingTsExtensions' is enabled.
packages/shared/src/agent/pi-agent.ts(97,45): error TS5097: An import path can only end with a '.ts' extension when 'allowImportingTsExtensions' is enabled.
packages/shared/src/agent/pi-agent.ts(100,65): error TS5097: An import path can only end with a '.ts' extension when 'allowImportingTsExtensions' is enabled.
packages/shared/src/agent/pi-agent.ts(101,28): error TS5097: An import path can only end with a '.ts' extension when 'allowImportingTsExtensions' is enabled.
packages/shared/src/agent/pi-agent.ts(102,31): error TS5097: An import path can only end with a '.ts' extension when 'allowImportingTsExtensions' is enabled.
packages/shared/src/agent/pi-agent.ts(106,38): error TS5097: An import path can only end with a '.ts' extension when 'allowImportingTsExtensions' is enabled.
packages/shared/src/agent/pi-agent.ts(109,81): error TS5097: An import path can only end with a '.ts' extension when 'allowImportingTsExtensions' is enabled.
packages/shared/src/agent/pi-agent.ts(110,43): error TS5097: An import path can only end with a '.ts' extension when 'allowImportingTsExtensions' is enabled.
packages/shared/src/agent/pi-agent.ts(111,42): error TS5097: An import path can only end with a '.ts' extension when 'allowImportingTsExtensions' is enabled.
packages/shared/src/agent/pi-agent.ts(112,36): error TS5097: An import path can only end with a '.ts' extension when 'allowImportingTsExtensions' is enabled.
packages/shared/src/agent/pi-agent.ts(802,62): error TS5097: An import path can only end with a '.ts' extension when 'allowImportingTsExtensions' is enabled.
packages/shared/src/agent/plan-types.ts(216,40): error TS5097: An import path can only end with a '.ts' extension when 'allowImportingTsExtensions' is enabled.
packages/shared/src/agent/powershell-validator.ts(19,23): error TS5097: An import path can only end with a '.ts' extension when 'allowImportingTsExtensions' is enabled.
packages/shared/src/agent/session-scoped-tool-callback-registry.ts(17,23): error TS5097: An import path can only end with a '.ts' extension when 'allowImportingTsExtensions' is enabled.
packages/shared/src/agent/session-scoped-tools.ts(19,53): error TS5097: An import path can only end with a '.ts' extension when 'allowImportingTsExtensions' is enabled.
packages/shared/src/agent/session-scoped-tools.ts(20,26): error TS5097: An import path can only end with a '.ts' extension when 'allowImportingTsExtensions' is enabled.
packages/shared/src/agent/session-scoped-tools.ts(21,37): error TS5097: An import path can only end with a '.ts' extension when 'allowImportingTsExtensions' is enabled.
packages/shared/src/agent/session-scoped-tools.ts(34,74): error TS5097: An import path can only end with a '.ts' extension when 'allowImportingTsExtensions' is enabled.
packages/shared/src/agent/session-scoped-tools.ts(35,61): error TS5097: An import path can only end with a '.ts' extension when 'allowImportingTsExtensions' is enabled.
packages/shared/src/agent/session-scoped-tools.ts(36,38): error TS5097: An import path can only end with a '.ts' extension when 'allowImportingTsExtensions' is enabled.
packages/shared/src/agent/session-scoped-tools.ts(37,57): error TS5097: An import path can only end with a '.ts' extension when 'allowImportingTsExtensions' is enabled.
packages/shared/src/agent/session-scoped-tools.ts(38,31): error TS5097: An import path can only end with a '.ts' extension when 'allowImportingTsExtensions' is enabled.
packages/shared/src/agent/session-scoped-tools.ts(39,39): error TS5097: An import path can only end with a '.ts' extension when 'allowImportingTsExtensions' is enabled.
packages/shared/src/agent/session-scoped-tools.ts(71,8): error TS5097: An import path can only end with a '.ts' extension when 'allowImportingTsExtensions' is enabled.
packages/shared/src/agent/session-scoped-tools.ts(74,47): error TS5097: An import path can only end with a '.ts' extension when 'allowImportingTsExtensions' is enabled.
packages/shared/src/agent/session-scoped-tools.ts(75,53): error TS5097: An import path can only end with a '.ts' extension when 'allowImportingTsExtensions' is enabled.
packages/shared/src/agent/session-self-management-bindings.ts(23,47): error TS5097: An import path can only end with a '.ts' extension when 'allowImportingTsExtensions' is enabled.
packages/shared/src/agent/session-tool-defs.ts(22,41): error TS5097: An import path can only end with a '.ts' extension when 'allowImportingTsExtensions' is enabled.
packages/shared/src/agent/session-tool-defs.ts(23,39): error TS5097: An import path can only end with a '.ts' extension when 'allowImportingTsExtensions' is enabled.
packages/shared/src/agent/source-policy.ts(15,61): error TS5097: An import path can only end with a '.ts' extension when 'allowImportingTsExtensions' is enabled.
packages/shared/src/agent/spawn-session-tool.ts(15,38): error TS5097: An import path can only end with a '.ts' extension when 'allowImportingTsExtensions' is enabled.
packages/shared/src/agent/tool-matching.ts(18,35): error TS5097: An import path can only end with a '.ts' extension when 'allowImportingTsExtensions' is enabled.
packages/shared/src/agent/tool-matching.ts(19,30): error TS5097: An import path can only end with a '.ts' extension when 'allowImportingTsExtensions' is enabled.
packages/shared/src/agent/tool-matching.ts(20,34): error TS5097: An import path can only end with a '.ts' extension when 'allowImportingTsExtensions' is enabled.
packages/shared/src/agent/tool-matching.ts(25,53): error TS5097: An import path can only end with a '.ts' extension when 'allowImportingTsExtensions' is enabled.
packages/shared/src/auth/callback-page.ts(7,33): error TS5097: An import path can only end with a '.ts' extension when 'allowImportingTsExtensions' is enabled.
packages/shared/src/auth/callback-server.ts(3,52): error TS5097: An import path can only end with a '.ts' extension when 'allowImportingTsExtensions' is enabled.
packages/shared/src/auth/callback-server.ts(6,52): error TS5097: An import path can only end with a '.ts' extension when 'allowImportingTsExtensions' is enabled.
packages/shared/src/auth/chatgpt-oauth.ts(15,38): error TS5097: An import path can only end with a '.ts' extension when 'allowImportingTsExtensions' is enabled.
packages/shared/src/auth/claude-oauth.ts(12,25): error TS5097: An import path can only end with a '.ts' extension when 'allowImportingTsExtensions' is enabled.
packages/shared/src/auth/claude-oauth.ts(13,29): error TS5097: An import path can only end with a '.ts' extension when 'allowImportingTsExtensions' is enabled.
packages/shared/src/auth/claude-oauth.ts(14,23): error TS5097: An import path can only end with a '.ts' extension when 'allowImportingTsExtensions' is enabled.
packages/shared/src/auth/claude-token.ts(2,29): error TS5097: An import path can only end with a '.ts' extension when 'allowImportingTsExtensions' is enabled.
packages/shared/src/auth/claude-token.ts(3,23): error TS5097: An import path can only end with a '.ts' extension when 'allowImportingTsExtensions' is enabled.
packages/shared/src/auth/generic-oauth.ts(13,45): error TS5097: An import path can only end with a '.ts' extension when 'allowImportingTsExtensions' is enabled.
packages/shared/src/auth/google-oauth.ts(16,25): error TS5097: An import path can only end with a '.ts' extension when 'allowImportingTsExtensions' is enabled.
packages/shared/src/auth/google-oauth.ts(17,52): error TS5097: An import path can only end with a '.ts' extension when 'allowImportingTsExtensions' is enabled.
packages/shared/src/auth/google-oauth.ts(18,36): error TS5097: An import path can only end with a '.ts' extension when 'allowImportingTsExtensions' is enabled.
packages/shared/src/auth/google-oauth.ts(19,65): error TS5097: An import path can only end with a '.ts' extension when 'allowImportingTsExtensions' is enabled.
packages/shared/src/auth/index.ts(1,65): error TS5097: An import path can only end with a '.ts' extension when 'allowImportingTsExtensions' is enabled.
packages/shared/src/auth/index.ts(2,15): error TS5097: An import path can only end with a '.ts' extension when 'allowImportingTsExtensions' is enabled.
packages/shared/src/auth/index.ts(3,15): error TS5097: An import path can only end with a '.ts' extension when 'allowImportingTsExtensions' is enabled.
packages/shared/src/auth/index.ts(4,15): error TS5097: An import path can only end with a '.ts' extension when 'allowImportingTsExtensions' is enabled.
packages/shared/src/auth/index.ts(5,15): error TS5097: An import path can only end with a '.ts' extension when 'allowImportingTsExtensions' is enabled.
packages/shared/src/auth/index.ts(6,15): error TS5097: An import path can only end with a '.ts' extension when 'allowImportingTsExtensions' is enabled.
packages/shared/src/auth/index.ts(7,15): error TS5097: An import path can only end with a '.ts' extension when 'allowImportingTsExtensions' is enabled.
packages/shared/src/auth/index.ts(8,15): error TS5097: An import path can only end with a '.ts' extension when 'allowImportingTsExtensions' is enabled.
packages/shared/src/auth/index.ts(9,15): error TS5097: An import path can only end with a '.ts' extension when 'allowImportingTsExtensions' is enabled.
packages/shared/src/auth/index.ts(10,15): error TS5097: An import path can only end with a '.ts' extension when 'allowImportingTsExtensions' is enabled.
packages/shared/src/auth/index.ts(11,15): error TS5097: An import path can only end with a '.ts' extension when 'allowImportingTsExtensions' is enabled.
packages/shared/src/auth/index.ts(12,15): error TS5097: An import path can only end with a '.ts' extension when 'allowImportingTsExtensions' is enabled.
packages/shared/src/auth/index.ts(13,15): error TS5097: An import path can only end with a '.ts' extension when 'allowImportingTsExtensions' is enabled.
packages/shared/src/auth/index.ts(14,15): error TS5097: An import path can only end with a '.ts' extension when 'allowImportingTsExtensions' is enabled.
packages/shared/src/auth/index.ts(15,15): error TS5097: An import path can only end with a '.ts' extension when 'allowImportingTsExtensions' is enabled.
packages/shared/src/auth/index.ts(16,15): error TS5097: An import path can only end with a '.ts' extension when 'allowImportingTsExtensions' is enabled.
packages/shared/src/auth/index.ts(17,15): error TS5097: An import path can only end with a '.ts' extension when 'allowImportingTsExtensions' is enabled.
packages/shared/src/auth/index.ts(18,15): error TS5097: An import path can only end with a '.ts' extension when 'allowImportingTsExtensions' is enabled.
packages/shared/src/auth/index.ts(19,15): error TS5097: An import path can only end with a '.ts' extension when 'allowImportingTsExtensions' is enabled.
packages/shared/src/auth/index.ts(20,15): error TS5097: An import path can only end with a '.ts' extension when 'allowImportingTsExtensions' is enabled.
packages/shared/src/auth/index.ts(21,15): error TS5097: An import path can only end with a '.ts' extension when 'allowImportingTsExtensions' is enabled.
packages/shared/src/auth/index.ts(22,15): error TS5097: An import path can only end with a '.ts' extension when 'allowImportingTsExtensions' is enabled.
packages/shared/src/auth/microsoft-oauth.ts(19,25): error TS5097: An import path can only end with a '.ts' extension when 'allowImportingTsExtensions' is enabled.
packages/shared/src/auth/microsoft-oauth.ts(20,52): error TS5097: An import path can only end with a '.ts' extension when 'allowImportingTsExtensions' is enabled.
packages/shared/src/auth/microsoft-oauth.ts(21,39): error TS5097: An import path can only end with a '.ts' extension when 'allowImportingTsExtensions' is enabled.
packages/shared/src/auth/microsoft-oauth.ts(22,65): error TS5097: An import path can only end with a '.ts' extension when 'allowImportingTsExtensions' is enabled.
packages/shared/src/auth/oauth.ts(4,25): error TS5097: An import path can only end with a '.ts' extension when 'allowImportingTsExtensions' is enabled.
packages/shared/src/auth/oauth.ts(5,38): error TS5097: An import path can only end with a '.ts' extension when 'allowImportingTsExtensions' is enabled.
packages/shared/src/auth/oauth.ts(6,65): error TS5097: An import path can only end with a '.ts' extension when 'allowImportingTsExtensions' is enabled.
packages/shared/src/auth/rox-account-authority.ts(3,38): error TS5097: An import path can only end with a '.ts' extension when 'allowImportingTsExtensions' is enabled.
packages/shared/src/auth/rox-account-authority.ts(5,32): error TS5097: An import path can only end with a '.ts' extension when 'allowImportingTsExtensions' is enabled.
packages/shared/src/auth/rox-account-authority.ts(6,55): error TS5097: An import path can only end with a '.ts' extension when 'allowImportingTsExtensions' is enabled.
packages/shared/src/auth/rox-account-authority.ts(7,241): error TS5097: An import path can only end with a '.ts' extension when 'allowImportingTsExtensions' is enabled.
packages/shared/src/auth/rox-pocket-client.ts(2,30): error TS5097: An import path can only end with a '.ts' extension when 'allowImportingTsExtensions' is enabled.
packages/shared/src/auth/rox-pocket-client.ts(4,106): error TS5097: An import path can only end with a '.ts' extension when 'allowImportingTsExtensions' is enabled.
packages/shared/src/auth/slack-oauth.ts(16,25): error TS5097: An import path can only end with a '.ts' extension when 'allowImportingTsExtensions' is enabled.
packages/shared/src/auth/slack-oauth.ts(17,52): error TS5097: An import path can only end with a '.ts' extension when 'allowImportingTsExtensions' is enabled.
packages/shared/src/auth/slack-oauth.ts(19,65): error TS5097: An import path can only end with a '.ts' extension when 'allowImportingTsExtensions' is enabled.
packages/shared/src/auth/state.ts(15,38): error TS5097: An import path can only end with a '.ts' extension when 'allowImportingTsExtensions' is enabled.
packages/shared/src/auth/state.ts(24,8): error TS5097: An import path can only end with a '.ts' extension when 'allowImportingTsExtensions' is enabled.
packages/shared/src/auth/state.ts(25,52): error TS5097: An import path can only end with a '.ts' extension when 'allowImportingTsExtensions' is enabled.
packages/shared/src/auth/state.ts(26,23): error TS5097: An import path can only end with a '.ts' extension when 'allowImportingTsExtensions' is enabled.
packages/shared/src/auth/state.ts(27,65): error TS5097: An import path can only end with a '.ts' extension when 'allowImportingTsExtensions' is enabled.
packages/shared/src/automations/automation-system.ts(20,63): error TS5097: An import path can only end with a '.ts' extension when 'allowImportingTsExtensions' is enabled.
packages/shared/src/automations/automation-system.ts(21,46): error TS5097: An import path can only end with a '.ts' extension when 'allowImportingTsExtensions' is enabled.
packages/shared/src/automations/automation-system.ts(22,30): error TS5097: An import path can only end with a '.ts' extension when 'allowImportingTsExtensions' is enabled.
packages/shared/src/automations/automation-system.ts(23,57): error TS5097: An import path can only end with a '.ts' extension when 'allowImportingTsExtensions' is enabled.
packages/shared/src/automations/automation-system.ts(24,242): error TS5097: An import path can only end with a '.ts' extension when 'allowImportingTsExtensions' is enabled.
packages/shared/src/automations/automation-system.ts(25,249): error TS5097: An import path can only end with a '.ts' extension when 'allowImportingTsExtensions' is enabled.
packages/shared/src/automations/automation-system.ts(26,42): error TS5097: An import path can only end with a '.ts' extension when 'allowImportingTsExtensions' is enabled.
packages/shared/src/automations/automation-system.ts(27,43): error TS5097: An import path can only end with a '.ts' extension when 'allowImportingTsExtensions' is enabled.
packages/shared/src/automations/automation-system.ts(28,35): error TS5097: An import path can only end with a '.ts' extension when 'allowImportingTsExtensions' is enabled.
packages/shared/src/automations/automation-system.ts(29,61): error TS5097: An import path can only end with a '.ts' extension when 'allowImportingTsExtensions' is enabled.
packages/shared/src/automations/conditions.ts(14,47): error TS5097: An import path can only end with a '.ts' extension when 'allowImportingTsExtensions' is enabled.
packages/shared/src/automations/cron-matcher.ts(9,30): error TS5097: An import path can only end with a '.ts' extension when 'allowImportingTsExtensions' is enabled.
packages/shared/src/automations/default-seeds.ts(10,63): error TS5097: An import path can only end with a '.ts' extension when 'allowImportingTsExtensions' is enabled.
packages/shared/src/automations/default-seeds.ts(12,49): error TS5097: An import path can only end with a '.ts' extension when 'allowImportingTsExtensions' is enabled.
packages/shared/src/automations/event-bus.ts(15,30): error TS5097: An import path can only end with a '.ts' extension when 'allowImportingTsExtensions' is enabled.
packages/shared/src/automations/graph.ts(9,49): error TS5097: An import path can only end with a '.ts' extension when 'allowImportingTsExtensions' is enabled.
packages/shared/src/automations/graph.ts(19,8): error TS5097: An import path can only end with a '.ts' extension when 'allowImportingTsExtensions' is enabled.
packages/shared/src/automations/graph.ts(35,8): error TS5097: An import path can only end with a '.ts' extension when 'allowImportingTsExtensions' is enabled.
packages/shared/src/automations/handlers/event-log-handler.ts(8,30): error TS5097: An import path can only end with a '.ts' extension when 'allowImportingTsExtensions' is enabled.
packages/shared/src/automations/handlers/event-log-handler.ts(12,39): error TS5097: An import path can only end with a '.ts' extension when 'allowImportingTsExtensions' is enabled.
packages/shared/src/automations/handlers/index.ts(13,31): error TS5097: An import path can only end with a '.ts' extension when 'allowImportingTsExtensions' is enabled.
packages/shared/src/automations/handlers/index.ts(14,33): error TS5097: An import path can only end with a '.ts' extension when 'allowImportingTsExtensions' is enabled.
packages/shared/src/automations/handlers/index.ts(15,60): error TS5097: An import path can only end with a '.ts' extension when 'allowImportingTsExtensions' is enabled.
packages/shared/src/automations/handlers/index.ts(25,8): error TS5097: An import path can only end with a '.ts' extension when 'allowImportingTsExtensions' is enabled.
packages/shared/src/automations/handlers/index.ts(26,58): error TS5097: An import path can only end with a '.ts' extension when 'allowImportingTsExtensions' is enabled.
packages/shared/src/automations/handlers/index.ts(33,8): error TS5097: An import path can only end with a '.ts' extension when 'allowImportingTsExtensions' is enabled.
packages/shared/src/automations/handlers/knowledge-handler.ts(10,30): error TS5097: An import path can only end with a '.ts' extension when 'allowImportingTsExtensions' is enabled.
packages/shared/src/automations/handlers/knowledge-handler.ts(20,8): error TS5097: An import path can only end with a '.ts' extension when 'allowImportingTsExtensions' is enabled.
packages/shared/src/automations/handlers/knowledge-handler.ts(21,68): error TS5097: An import path can only end with a '.ts' extension when 'allowImportingTsExtensions' is enabled.
packages/shared/src/automations/handlers/knowledge-handler.ts(22,38): error TS5097: An import path can only end with a '.ts' extension when 'allowImportingTsExtensions' is enabled.
packages/shared/src/automations/handlers/meeting-followup-handler.ts(6,30): error TS5097: An import path can only end with a '.ts' extension when 'allowImportingTsExtensions' is enabled.
packages/shared/src/automations/handlers/meeting-followup-handler.ts(9,93): error TS5097: An import path can only end with a '.ts' extension when 'allowImportingTsExtensions' is enabled.
packages/shared/src/automations/handlers/meeting-followup-handler.ts(10,32): error TS5097: An import path can only end with a '.ts' extension when 'allowImportingTsExtensions' is enabled.
packages/shared/src/automations/handlers/prompt-handler.ts(9,30): error TS5097: An import path can only end with a '.ts' extension when 'allowImportingTsExtensions' is enabled.
packages/shared/src/automations/handlers/prompt-handler.ts(12,104): error TS5097: An import path can only end with a '.ts' extension when 'allowImportingTsExtensions' is enabled.
packages/shared/src/automations/handlers/prompt-handler.ts(14,91): error TS5097: An import path can only end with a '.ts' extension when 'allowImportingTsExtensions' is enabled.
packages/shared/src/automations/handlers/prompt-handler.ts(15,38): error TS5097: An import path can only end with a '.ts' extension when 'allowImportingTsExtensions' is enabled.
packages/shared/src/automations/handlers/script-handler.ts(14,30): error TS5097: An import path can only end with a '.ts' extension when 'allowImportingTsExtensions' is enabled.
packages/shared/src/automations/handlers/script-handler.ts(17,109): error TS5097: An import path can only end with a '.ts' extension when 'allowImportingTsExtensions' is enabled.
packages/shared/src/automations/handlers/script-handler.ts(18,48): error TS5097: An import path can only end with a '.ts' extension when 'allowImportingTsExtensions' is enabled.
packages/shared/src/automations/handlers/script-handler.ts(19,63): error TS5097: An import path can only end with a '.ts' extension when 'allowImportingTsExtensions' is enabled.
packages/shared/src/automations/handlers/script-handler.ts(20,46): error TS5097: An import path can only end with a '.ts' extension when 'allowImportingTsExtensions' is enabled.
packages/shared/src/automations/handlers/webhook-handler.ts(10,30): error TS5097: An import path can only end with a '.ts' extension when 'allowImportingTsExtensions' is enabled.
packages/shared/src/automations/handlers/webhook-handler.ts(13,111): error TS5097: An import path can only end with a '.ts' extension when 'allowImportingTsExtensions' is enabled.
packages/shared/src/automations/handlers/webhook-handler.ts(14,64): error TS5097: An import path can only end with a '.ts' extension when 'allowImportingTsExtensions' is enabled.
packages/shared/src/automations/handlers/webhook-handler.ts(15,113): error TS5097: An import path can only end with a '.ts' extension when 'allowImportingTsExtensions' is enabled.
packages/shared/src/automations/handlers/webhook-handler.ts(16,32): error TS5097: An import path can only end with a '.ts' extension when 'allowImportingTsExtensions' is enabled.
packages/shared/src/automations/handlers/webhook-handler.ts(17,46): error TS5097: An import path can only end with a '.ts' extension when 'allowImportingTsExtensions' is enabled.
packages/shared/src/automations/handlers/webhook-handler.ts(18,75): error TS5097: An import path can only end with a '.ts' extension when 'allowImportingTsExtensions' is enabled.
packages/shared/src/automations/history-store.ts(1,37): error TS5097: An import path can only end with a '.ts' extension when 'allowImportingTsExtensions' is enabled.
packages/shared/src/automations/history-store.ts(19,30): error TS5097: An import path can only end with a '.ts' extension when 'allowImportingTsExtensions' is enabled.
packages/shared/src/automations/history-store.ts(25,8): error TS5097: An import path can only end with a '.ts' extension when 'allowImportingTsExtensions' is enabled.
packages/shared/src/automations/index.ts(71,68): error TS5097: An import path can only end with a '.ts' extension when 'allowImportingTsExtensions' is enabled.
packages/shared/src/automations/index.ts(81,8): error TS5097: An import path can only end with a '.ts' extension when 'allowImportingTsExtensions' is enabled.
packages/shared/src/automations/index.ts(87,38): error TS5097: An import path can only end with a '.ts' extension when 'allowImportingTsExtensions' is enabled.
packages/shared/src/automations/index.ts(93,98): error TS5097: An import path can only end with a '.ts' extension when 'allowImportingTsExtensions' is enabled.
packages/shared/src/automations/index.ts(100,100): error TS5097: An import path can only end with a '.ts' extension when 'allowImportingTsExtensions' is enabled.
packages/shared/src/automations/index.ts(122,8): error TS5097: An import path can only end with a '.ts' extension when 'allowImportingTsExtensions' is enabled.
packages/shared/src/automations/index.ts(125,59): error TS5097: An import path can only end with a '.ts' extension when 'allowImportingTsExtensions' is enabled.
packages/shared/src/automations/index.ts(128,34): error TS5097: An import path can only end with a '.ts' extension when 'allowImportingTsExtensions' is enabled.
packages/shared/src/automations/index.ts(131,156): error TS5097: An import path can only end with a '.ts' extension when 'allowImportingTsExtensions' is enabled.
packages/shared/src/automations/index.ts(141,8): error TS5097: An import path can only end with a '.ts' extension when 'allowImportingTsExtensions' is enabled.
packages/shared/src/automations/index.ts(144,108): error TS5097: An import path can only end with a '.ts' extension when 'allowImportingTsExtensions' is enabled.
packages/shared/src/automations/index.ts(147,196): error TS5097: An import path can only end with a '.ts' extension when 'allowImportingTsExtensions' is enabled.
packages/shared/src/automations/index.ts(150,102): error TS5097: An import path can only end with a '.ts' extension when 'allowImportingTsExtensions' is enabled.
packages/shared/src/automations/index.ts(161,8): error TS5097: An import path can only end with a '.ts' extension when 'allowImportingTsExtensions' is enabled.
packages/shared/src/automations/index.ts(164,63): error TS5097: An import path can only end with a '.ts' extension when 'allowImportingTsExtensions' is enabled.
packages/shared/src/automations/index.ts(167,29): error TS5097: An import path can only end with a '.ts' extension when 'allowImportingTsExtensions' is enabled.
packages/shared/src/automations/index.ts(174,8): error TS5097: An import path can only end with a '.ts' extension when 'allowImportingTsExtensions' is enabled.
packages/shared/src/automations/index.ts(190,8): error TS5097: An import path can only end with a '.ts' extension when 'allowImportingTsExtensions' is enabled.
packages/shared/src/automations/index.ts(200,8): error TS5097: An import path can only end with a '.ts' extension when 'allowImportingTsExtensions' is enabled.
packages/shared/src/automations/index.ts(220,8): error TS5097: An import path can only end with a '.ts' extension when 'allowImportingTsExtensions' is enabled.
packages/shared/src/automations/index.ts(227,8): error TS5097: An import path can only end with a '.ts' extension when 'allowImportingTsExtensions' is enabled.
packages/shared/src/automations/index.ts(254,8): error TS5097: An import path can only end with a '.ts' extension when 'allowImportingTsExtensions' is enabled.
packages/shared/src/automations/occurrence-ledger.ts(4,30): error TS5097: An import path can only end with a '.ts' extension when 'allowImportingTsExtensions' is enabled.
packages/shared/src/automations/resolve-config-path.ts(7,41): error TS5097: An import path can only end with a '.ts' extension when 'allowImportingTsExtensions' is enabled.
packages/shared/src/automations/retry-scheduler.ts(29,30): error TS5097: An import path can only end with a '.ts' extension when 'allowImportingTsExtensions' is enabled.
packages/shared/src/automations/retry-scheduler.ts(30,66): error TS5097: An import path can only end with a '.ts' extension when 'allowImportingTsExtensions' is enabled.
packages/shared/src/automations/retry-scheduler.ts(31,46): error TS5097: An import path can only end with a '.ts' extension when 'allowImportingTsExtensions' is enabled.
packages/shared/src/automations/retry-scheduler.ts(32,51): error TS5097: An import path can only end with a '.ts' extension when 'allowImportingTsExtensions' is enabled.
packages/shared/src/automations/schemas.ts(10,116): error TS5097: An import path can only end with a '.ts' extension when 'allowImportingTsExtensions' is enabled.
packages/shared/src/automations/schemas.ts(11,60): error TS5097: An import path can only end with a '.ts' extension when 'allowImportingTsExtensions' is enabled.
packages/shared/src/automations/script-executor.ts(27,30): error TS5097: An import path can only end with a '.ts' extension when 'allowImportingTsExtensions' is enabled.
packages/shared/src/automations/script-executor.ts(28,35): error TS5097: An import path can only end with a '.ts' extension when 'allowImportingTsExtensions' is enabled.
packages/shared/src/automations/script-executor.ts(29,42): error TS5097: An import path can only end with a '.ts' extension when 'allowImportingTsExtensions' is enabled.
packages/shared/src/automations/sdk-bridge.ts(7,34): error TS5097: An import path can only end with a '.ts' extension when 'allowImportingTsExtensions' is enabled.
packages/shared/src/automations/sdk-bridge.ts(8,26): error TS5097: An import path can only end with a '.ts' extension when 'allowImportingTsExtensions' is enabled.
packages/shared/src/automations/utils.ts(11,29): error TS5097: An import path can only end with a '.ts' extension when 'allowImportingTsExtensions' is enabled.
packages/shared/src/automations/utils.ts(12,34): error TS5097: An import path can only end with a '.ts' extension when 'allowImportingTsExtensions' is enabled.
packages/shared/src/automations/utils.ts(13,36): error TS5097: An import path can only end with a '.ts' extension when 'allowImportingTsExtensions' is enabled.
packages/shared/src/automations/validation.ts(10,46): error TS5097: An import path can only end with a '.ts' extension when 'allowImportingTsExtensions' is enabled.
packages/shared/src/automations/validation.ts(11,41): error TS5097: An import path can only end with a '.ts' extension when 'allowImportingTsExtensions' is enabled.
packages/shared/src/automations/validation.ts(12,85): error TS5097: An import path can only end with a '.ts' extension when 'allowImportingTsExtensions' is enabled.
packages/shared/src/automations/validation.ts(13,32): error TS5097: An import path can only end with a '.ts' extension when 'allowImportingTsExtensions' is enabled.
packages/shared/src/automations/validation.ts(14,32): error TS5097: An import path can only end with a '.ts' extension when 'allowImportingTsExtensions' is enabled.
packages/shared/src/automations/validation.ts(15,34): error TS5097: An import path can only end with a '.ts' extension when 'allowImportingTsExtensions' is enabled.
packages/shared/src/automations/validation.ts(16,47): error TS5097: An import path can only end with a '.ts' extension when 'allowImportingTsExtensions' is enabled.
packages/shared/src/automations/validation.ts(22,82): error TS5097: An import path can only end with a '.ts' extension when 'allowImportingTsExtensions' is enabled.
packages/shared/src/automations/webhook-utils.ts(10,31): error TS5097: An import path can only end with a '.ts' extension when 'allowImportingTsExtensions' is enabled.
packages/shared/src/automations/webhook-utils.ts(11,66): error TS5097: An import path can only end with a '.ts' extension when 'allowImportingTsExtensions' is enabled.
packages/shared/src/code-intelligence/refs.ts(8,32): error TS5097: An import path can only end with a '.ts' extension when 'allowImportingTsExtensions' is enabled.
packages/shared/src/code-intelligence/repository-connection.ts(5,70): error TS5097: An import path can only end with a '.ts' extension when 'allowImportingTsExtensions' is enabled.
packages/shared/src/colors/validate.ts(9,36): error TS5097: An import path can only end with a '.ts' extension when 'allowImportingTsExtensions' is enabled.
packages/shared/src/config/env.ts(10,36): error TS5097: An import path can only end with a '.ts' extension when 'allowImportingTsExtensions' is enabled.
packages/shared/src/config/env.ts(15,8): error TS5097: An import path can only end with a '.ts' extension when 'allowImportingTsExtensions' is enabled.
packages/shared/src/config/index.ts(1,15): error TS5097: An import path can only end with a '.ts' extension when 'allowImportingTsExtensions' is enabled.
packages/shared/src/config/index.ts(2,42): error TS5097: An import path can only end with a '.ts' extension when 'allowImportingTsExtensions' is enabled.
packages/shared/src/config/index.ts(3,15): error TS5097: An import path can only end with a '.ts' extension when 'allowImportingTsExtensions' is enabled.
packages/shared/src/config/index.ts(4,15): error TS5097: An import path can only end with a '.ts' extension when 'allowImportingTsExtensions' is enabled.
packages/shared/src/config/index.ts(5,15): error TS5097: An import path can only end with a '.ts' extension when 'allowImportingTsExtensions' is enabled.
packages/shared/src/config/index.ts(6,15): error TS5097: An import path can only end with a '.ts' extension when 'allowImportingTsExtensions' is enabled.
packages/shared/src/config/index.ts(7,15): error TS5097: An import path can only end with a '.ts' extension when 'allowImportingTsExtensions' is enabled.
packages/shared/src/config/index.ts(8,15): error TS5097: An import path can only end with a '.ts' extension when 'allowImportingTsExtensions' is enabled.
packages/shared/src/config/index.ts(9,15): error TS5097: An import path can only end with a '.ts' extension when 'allowImportingTsExtensions' is enabled.
packages/shared/src/config/index.ts(10,15): error TS5097: An import path can only end with a '.ts' extension when 'allowImportingTsExtensions' is enabled.
packages/shared/src/config/index.ts(11,15): error TS5097: An import path can only end with a '.ts' extension when 'allowImportingTsExtensions' is enabled.
packages/shared/src/config/index.ts(12,41): error TS5097: An import path can only end with a '.ts' extension when 'allowImportingTsExtensions' is enabled.
packages/shared/src/config/index.ts(19,8): error TS5097: An import path can only end with a '.ts' extension when 'allowImportingTsExtensions' is enabled.
packages/shared/src/config/index.ts(20,15): error TS5097: An import path can only end with a '.ts' extension when 'allowImportingTsExtensions' is enabled.
packages/shared/src/config/index.ts(21,15): error TS5097: An import path can only end with a '.ts' extension when 'allowImportingTsExtensions' is enabled.
packages/shared/src/config/index.ts(22,15): error TS5097: An import path can only end with a '.ts' extension when 'allowImportingTsExtensions' is enabled.
packages/shared/src/config/index.ts(23,15): error TS5097: An import path can only end with a '.ts' extension when 'allowImportingTsExtensions' is enabled.
packages/shared/src/config/index.ts(24,15): error TS5097: An import path can only end with a '.ts' extension when 'allowImportingTsExtensions' is enabled.
packages/shared/src/config/index.ts(25,15): error TS5097: An import path can only end with a '.ts' extension when 'allowImportingTsExtensions' is enabled.
packages/shared/src/config/index.ts(30,8): error TS5097: An import path can only end with a '.ts' extension when 'allowImportingTsExtensions' is enabled.
packages/shared/src/config/index.ts(31,15): error TS5097: An import path can only end with a '.ts' extension when 'allowImportingTsExtensions' is enabled.
packages/shared/src/config/llm-connections.ts(24,8): error TS5097: An import path can only end with a '.ts' extension when 'allowImportingTsExtensions' is enabled.
packages/shared/src/config/llm-validation.ts(12,35): error TS5097: An import path can only end with a '.ts' extension when 'allowImportingTsExtensions' is enabled.
packages/shared/src/config/llm-validation.ts(13,23): error TS5097: An import path can only end with a '.ts' extension when 'allowImportingTsExtensions' is enabled.
packages/shared/src/config/models-pi.ts(23,8): error TS5097: An import path can only end with a '.ts' extension when 'allowImportingTsExtensions' is enabled.
packages/shared/src/config/models.ts(12,45): error TS5097: An import path can only end with a '.ts' extension when 'allowImportingTsExtensions' is enabled.
packages/shared/src/config/owned-root-policy.ts(2,34): error TS5097: An import path can only end with a '.ts' extension when 'allowImportingTsExtensions' is enabled.
packages/shared/src/config/paths.ts(15,42): error TS5097: An import path can only end with a '.ts' extension when 'allowImportingTsExtensions' is enabled.
packages/shared/src/config/paths.ts(16,51): error TS5097: An import path can only end with a '.ts' extension when 'allowImportingTsExtensions' is enabled.
packages/shared/src/config/paths.ts(17,34): error TS5097: An import path can only end with a '.ts' extension when 'allowImportingTsExtensions' is enabled.
packages/shared/src/config/preferences.ts(4,33): error TS5097: An import path can only end with a '.ts' extension when 'allowImportingTsExtensions' is enabled.
packages/shared/src/config/preferences.ts(5,34): error TS5097: An import path can only end with a '.ts' extension when 'allowImportingTsExtensions' is enabled.
packages/shared/src/config/preferences.ts(9,8): error TS5097: An import path can only end with a '.ts' extension when 'allowImportingTsExtensions' is enabled.
packages/shared/src/config/preferences.ts(10,52): error TS5097: An import path can only end with a '.ts' extension when 'allowImportingTsExtensions' is enabled.
packages/shared/src/config/preferences.ts(11,34): error TS5097: An import path can only end with a '.ts' extension when 'allowImportingTsExtensions' is enabled.
packages/shared/src/config/preferences.ts(17,8): error TS5097: An import path can only end with a '.ts' extension when 'allowImportingTsExtensions' is enabled.
packages/shared/src/config/proxy-env.ts(1,41): error TS5097: An import path can only end with a '.ts' extension when 'allowImportingTsExtensions' is enabled.
packages/shared/src/config/server-services.ts(3,34): error TS5097: An import path can only end with a '.ts' extension when 'allowImportingTsExtensions' is enabled.
packages/shared/src/config/ssh-config-parser.ts(5,66): error TS5097: An import path can only end with a '.ts' extension when 'allowImportingTsExtensions' is enabled.
packages/shared/src/config/ssh-hosts.ts(3,33): error TS5097: An import path can only end with a '.ts' extension when 'allowImportingTsExtensions' is enabled.
packages/shared/src/config/ssh-hosts.ts(4,55): error TS5097: An import path can only end with a '.ts' extension when 'allowImportingTsExtensions' is enabled.
packages/shared/src/config/ssh-hosts.ts(5,30): error TS5097: An import path can only end with a '.ts' extension when 'allowImportingTsExtensions' is enabled.
packages/shared/src/config/ssh-hosts.ts(6,38): error TS5097: An import path can only end with a '.ts' extension when 'allowImportingTsExtensions' is enabled.
packages/shared/src/config/ssh-hosts.ts(7,39): error TS5097: An import path can only end with a '.ts' extension when 'allowImportingTsExtensions' is enabled.
packages/shared/src/config/ssh-hosts.ts(8,34): error TS5097: An import path can only end with a '.ts' extension when 'allowImportingTsExtensions' is enabled.
packages/shared/src/config/storage.ts(4,38): error TS5097: An import path can only end with a '.ts' extension when 'allowImportingTsExtensions' is enabled.
packages/shared/src/config/storage.ts(12,8): error TS5097: An import path can only end with a '.ts' extension when 'allowImportingTsExtensions' is enabled.
packages/shared/src/config/storage.ts(20,8): error TS5097: An import path can only end with a '.ts' extension when 'allowImportingTsExtensions' is enabled.
packages/shared/src/config/storage.ts(24,8): error TS5097: An import path can only end with a '.ts' extension when 'allowImportingTsExtensions' is enabled.
packages/shared/src/config/storage.ts(25,30): error TS5097: An import path can only end with a '.ts' extension when 'allowImportingTsExtensions' is enabled.
packages/shared/src/config/storage.ts(26,46): error TS5097: An import path can only end with a '.ts' extension when 'allowImportingTsExtensions' is enabled.
packages/shared/src/config/storage.ts(27,32): error TS5097: An import path can only end with a '.ts' extension when 'allowImportingTsExtensions' is enabled.
packages/shared/src/config/storage.ts(28,65): error TS5097: An import path can only end with a '.ts' extension when 'allowImportingTsExtensions' is enabled.
packages/shared/src/config/storage.ts(29,23): error TS5097: An import path can only end with a '.ts' extension when 'allowImportingTsExtensions' is enabled.
packages/shared/src/config/storage.ts(30,70): error TS5097: An import path can only end with a '.ts' extension when 'allowImportingTsExtensions' is enabled.
packages/shared/src/config/storage.ts(31,46): error TS5097: An import path can only end with a '.ts' extension when 'allowImportingTsExtensions' is enabled.
packages/shared/src/config/storage.ts(36,62): error TS5097: An import path can only end with a '.ts' extension when 'allowImportingTsExtensions' is enabled.
packages/shared/src/config/storage.ts(37,60): error TS5097: An import path can only end with a '.ts' extension when 'allowImportingTsExtensions' is enabled.
packages/shared/src/config/storage.ts(38,37): error TS5097: An import path can only end with a '.ts' extension when 'allowImportingTsExtensions' is enabled.
packages/shared/src/config/storage.ts(39,34): error TS5097: An import path can only end with a '.ts' extension when 'allowImportingTsExtensions' is enabled.
packages/shared/src/config/storage.ts(40,28): error TS5097: An import path can only end with a '.ts' extension when 'allowImportingTsExtensions' is enabled.
packages/shared/src/config/storage.ts(45,28): error TS5097: An import path can only end with a '.ts' extension when 'allowImportingTsExtensions' is enabled.
packages/shared/src/config/storage.ts(58,41): error TS5097: An import path can only end with a '.ts' extension when 'allowImportingTsExtensions' is enabled.
packages/shared/src/config/storage.ts(59,96): error TS5097: An import path can only end with a '.ts' extension when 'allowImportingTsExtensions' is enabled.
packages/shared/src/config/storage.ts(63,58): error TS5097: An import path can only end with a '.ts' extension when 'allowImportingTsExtensions' is enabled.
packages/shared/src/config/storage.ts(64,164): error TS5097: An import path can only end with a '.ts' extension when 'allowImportingTsExtensions' is enabled.
packages/shared/src/config/storage.ts(71,8): error TS5097: An import path can only end with a '.ts' extension when 'allowImportingTsExtensions' is enabled.
packages/shared/src/config/storage.ts(87,8): error TS5097: An import path can only end with a '.ts' extension when 'allowImportingTsExtensions' is enabled.
packages/shared/src/config/storage.ts(89,45): error TS5097: An import path can only end with a '.ts' extension when 'allowImportingTsExtensions' is enabled.
packages/shared/src/config/storage.ts(1329,10): error TS5097: An import path can only end with a '.ts' extension when 'allowImportingTsExtensions' is enabled.
packages/shared/src/config/storage.ts(3889,31): error TS5097: An import path can only end with a '.ts' extension when 'allowImportingTsExtensions' is enabled.
packages/shared/src/config/storage.ts(4349,58): error TS5097: An import path can only end with a '.ts' extension when 'allowImportingTsExtensions' is enabled.
packages/shared/src/config/validators.ts(18,49): error TS5097: An import path can only end with a '.ts' extension when 'allowImportingTsExtensions' is enabled.
packages/shared/src/config/validators.ts(19,35): error TS5097: An import path can only end with a '.ts' extension when 'allowImportingTsExtensions' is enabled.
packages/shared/src/config/validators.ts(20,36): error TS5097: An import path can only end with a '.ts' extension when 'allowImportingTsExtensions' is enabled.
packages/shared/src/config/validators.ts(21,48): error TS5097: An import path can only end with a '.ts' extension when 'allowImportingTsExtensions' is enabled.
packages/shared/src/config/validators.ts(22,42): error TS5097: An import path can only end with a '.ts' extension when 'allowImportingTsExtensions' is enabled.
packages/shared/src/config/validators.ts(24,38): error TS5097: An import path can only end with a '.ts' extension when 'allowImportingTsExtensions' is enabled.
packages/shared/src/config/validators.ts(416,41): error TS5097: An import path can only end with a '.ts' extension when 'allowImportingTsExtensions' is enabled.
packages/shared/src/config/validators.ts(718,40): error TS5097: An import path can only end with a '.ts' extension when 'allowImportingTsExtensions' is enabled.
packages/shared/src/config/validators.ts(1179,39): error TS5097: An import path can only end with a '.ts' extension when 'allowImportingTsExtensions' is enabled.
packages/shared/src/config/validators.ts(1415,41): error TS5097: An import path can only end with a '.ts' extension when 'allowImportingTsExtensions' is enabled.
packages/shared/src/config/validators.ts(1421,8): error TS5097: An import path can only end with a '.ts' extension when 'allowImportingTsExtensions' is enabled.
packages/shared/src/config/validators.ts(1422,65): error TS5097: An import path can only end with a '.ts' extension when 'allowImportingTsExtensions' is enabled.
packages/shared/src/config/validators.ts(1423,41): error TS5097: An import path can only end with a '.ts' extension when 'allowImportingTsExtensions' is enabled.
packages/shared/src/config/validators.ts(1801,33): error TS5097: An import path can only end with a '.ts' extension when 'allowImportingTsExtensions' is enabled.
packages/shared/src/config/validators.ts(1802,34): error TS5097: An import path can only end with a '.ts' extension when 'allowImportingTsExtensions' is enabled.
packages/shared/src/config/watcher.ts(23,35): error TS5097: An import path can only end with a '.ts' extension when 'allowImportingTsExtensions' is enabled.
packages/shared/src/config/watcher.ts(24,23): error TS5097: An import path can only end with a '.ts' extension when 'allowImportingTsExtensions' is enabled.
packages/shared/src/config/watcher.ts(25,28): error TS5097: An import path can only end with a '.ts' extension when 'allowImportingTsExtensions' is enabled.
packages/shared/src/config/watcher.ts(26,34): error TS5097: An import path can only end with a '.ts' extension when 'allowImportingTsExtensions' is enabled.
packages/shared/src/config/watcher.ts(27,22): error TS5097: An import path can only end with a '.ts' extension when 'allowImportingTsExtensions' is enabled.
packages/shared/src/config/watcher.ts(28,53): error TS5097: An import path can only end with a '.ts' extension when 'allowImportingTsExtensions' is enabled.
packages/shared/src/config/watcher.ts(34,8): error TS5097: An import path can only end with a '.ts' extension when 'allowImportingTsExtensions' is enabled.
packages/shared/src/config/watcher.ts(42,8): error TS5097: An import path can only end with a '.ts' extension when 'allowImportingTsExtensions' is enabled.
packages/shared/src/config/watcher.ts(43,62): error TS5097: An import path can only end with a '.ts' extension when 'allowImportingTsExtensions' is enabled.
packages/shared/src/config/watcher.ts(44,83): error TS5097: An import path can only end with a '.ts' extension when 'allowImportingTsExtensions' is enabled.
packages/shared/src/config/watcher.ts(46,36): error TS5097: An import path can only end with a '.ts' extension when 'allowImportingTsExtensions' is enabled.
packages/shared/src/config/watcher.ts(47,108): error TS5097: An import path can only end with a '.ts' extension when 'allowImportingTsExtensions' is enabled.
packages/shared/src/config/watcher.ts(52,8): error TS5097: An import path can only end with a '.ts' extension when 'allowImportingTsExtensions' is enabled.
packages/shared/src/config/watcher.ts(53,35): error TS5097: An import path can only end with a '.ts' extension when 'allowImportingTsExtensions' is enabled.
packages/shared/src/config/watcher.ts(55,41): error TS5097: An import path can only end with a '.ts' extension when 'allowImportingTsExtensions' is enabled.
packages/shared/src/config/watcher.ts(56,82): error TS5097: An import path can only end with a '.ts' extension when 'allowImportingTsExtensions' is enabled.
packages/shared/src/config/watcher.ts(58,34): error TS5097: An import path can only end with a '.ts' extension when 'allowImportingTsExtensions' is enabled.
packages/shared/src/connections/github-user-tool.ts(16,8): error TS5097: An import path can only end with a '.ts' extension when 'allowImportingTsExtensions' is enabled.
packages/shared/src/context-docs/index.ts(27,37): error TS5097: An import path can only end with a '.ts' extension when 'allowImportingTsExtensions' is enabled.
packages/shared/src/context-docs/index.ts(28,23): error TS5097: An import path can only end with a '.ts' extension when 'allowImportingTsExtensions' is enabled.
packages/shared/src/context-docs/index.ts(29,34): error TS5097: An import path can only end with a '.ts' extension when 'allowImportingTsExtensions' is enabled.
packages/shared/src/credentials/backends/secure-storage.ts(1,81): error TS5097: An import path can only end with a '.ts' extension when 'allowImportingTsExtensions' is enabled.
packages/shared/src/credentials/backends/secure-storage.ts(65,62): error TS5097: An import path can only end with a '.ts' extension when 'allowImportingTsExtensions' is enabled.
packages/shared/src/credentials/backends/secure-storage.ts(66,34): error TS5097: An import path can only end with a '.ts' extension when 'allowImportingTsExtensions' is enabled.
packages/shared/src/credentials/fabric/adc-importer.ts(2,28): error TS5097: An import path can only end with a '.ts' extension when 'allowImportingTsExtensions' is enabled.
packages/shared/src/credentials/fabric/aws-profile-importer.ts(2,28): error TS5097: An import path can only end with a '.ts' extension when 'allowImportingTsExtensions' is enabled.
packages/shared/src/credentials/fabric/broker.ts(2,65): error TS5097: An import path can only end with a '.ts' extension when 'allowImportingTsExtensions' is enabled.
packages/shared/src/credentials/fabric/broker.ts(3,63): error TS5097: An import path can only end with a '.ts' extension when 'allowImportingTsExtensions' is enabled.
packages/shared/src/credentials/fabric/delivery.ts(52,55): error TS5097: An import path can only end with a '.ts' extension when 'allowImportingTsExtensions' is enabled.
packages/shared/src/credentials/fabric/docker-helper-importer.ts(2,28): error TS5097: An import path can only end with a '.ts' extension when 'allowImportingTsExtensions' is enabled.
packages/shared/src/credentials/fabric/git-helper-importer.ts(2,28): error TS5097: An import path can only end with a '.ts' extension when 'allowImportingTsExtensions' is enabled.
packages/shared/src/credentials/fabric/github-oauth-importer.ts(2,28): error TS5097: An import path can only end with a '.ts' extension when 'allowImportingTsExtensions' is enabled.
packages/shared/src/credentials/fabric/importers.ts(5,39): error TS5097: An import path can only end with a '.ts' extension when 'allowImportingTsExtensions' is enabled.
packages/shared/src/credentials/fabric/importers.ts(6,46): error TS5097: An import path can only end with a '.ts' extension when 'allowImportingTsExtensions' is enabled.
packages/shared/src/credentials/fabric/importers.ts(7,28): error TS5097: An import path can only end with a '.ts' extension when 'allowImportingTsExtensions' is enabled.
packages/shared/src/credentials/fabric/infisical-provider.ts(7,46): error TS5097: An import path can only end with a '.ts' extension when 'allowImportingTsExtensions' is enabled.
packages/shared/src/credentials/fabric/infisical-provider.ts(9,47): error TS5097: An import path can only end with a '.ts' extension when 'allowImportingTsExtensions' is enabled.
packages/shared/src/credentials/fabric/keychain-importer.ts(2,28): error TS5097: An import path can only end with a '.ts' extension when 'allowImportingTsExtensions' is enabled.
packages/shared/src/credentials/fabric/local-file-provider.ts(10,46): error TS5097: An import path can only end with a '.ts' extension when 'allowImportingTsExtensions' is enabled.
packages/shared/src/credentials/fabric/local-file-provider.ts(11,47): error TS5097: An import path can only end with a '.ts' extension when 'allowImportingTsExtensions' is enabled.
packages/shared/src/credentials/index.ts(25,57): error TS5097: An import path can only end with a '.ts' extension when 'allowImportingTsExtensions' is enabled.
packages/shared/src/credentials/index.ts(28,116): error TS5097: An import path can only end with a '.ts' extension when 'allowImportingTsExtensions' is enabled.
packages/shared/src/credentials/index.ts(30,38): error TS5097: An import path can only end with a '.ts' extension when 'allowImportingTsExtensions' is enabled.
packages/shared/src/credentials/index.ts(40,8): error TS5097: An import path can only end with a '.ts' extension when 'allowImportingTsExtensions' is enabled.
packages/shared/src/credentials/index.ts(55,41): error TS5097: An import path can only end with a '.ts' extension when 'allowImportingTsExtensions' is enabled.
packages/shared/src/credentials/index.ts(56,65): error TS5097: An import path can only end with a '.ts' extension when 'allowImportingTsExtensions' is enabled.
packages/shared/src/credentials/index.ts(64,57): error TS5097: An import path can only end with a '.ts' extension when 'allowImportingTsExtensions' is enabled.
packages/shared/src/credentials/index.ts(65,45): error TS5097: An import path can only end with a '.ts' extension when 'allowImportingTsExtensions' is enabled.
packages/shared/src/credentials/index.ts(73,48): error TS5097: An import path can only end with a '.ts' extension when 'allowImportingTsExtensions' is enabled.
packages/shared/src/credentials/index.ts(80,42): error TS5097: An import path can only end with a '.ts' extension when 'allowImportingTsExtensions' is enabled.
packages/shared/src/credentials/index.ts(81,34): error TS5097: An import path can only end with a '.ts' extension when 'allowImportingTsExtensions' is enabled.
packages/shared/src/credentials/index.ts(88,35): error TS5097: An import path can only end with a '.ts' extension when 'allowImportingTsExtensions' is enabled.
packages/shared/src/credentials/index.ts(90,34): error TS5097: An import path can only end with a '.ts' extension when 'allowImportingTsExtensions' is enabled.
packages/shared/src/credentials/index.ts(103,59): error TS5097: An import path can only end with a '.ts' extension when 'allowImportingTsExtensions' is enabled.
packages/shared/src/credentials/index.ts(104,57): error TS5097: An import path can only end with a '.ts' extension when 'allowImportingTsExtensions' is enabled.
packages/shared/src/credentials/index.ts(113,62): error TS5097: An import path can only end with a '.ts' extension when 'allowImportingTsExtensions' is enabled.
packages/shared/src/credentials/index.ts(115,105): error TS5097: An import path can only end with a '.ts' extension when 'allowImportingTsExtensions' is enabled.
packages/shared/src/credentials/index.ts(121,8): error TS5097: An import path can only end with a '.ts' extension when 'allowImportingTsExtensions' is enabled.
packages/shared/src/credentials/index.ts(143,8): error TS5097: An import path can only end with a '.ts' extension when 'allowImportingTsExtensions' is enabled.
packages/shared/src/credentials/index.ts(161,8): error TS5097: An import path can only end with a '.ts' extension when 'allowImportingTsExtensions' is enabled.
packages/shared/src/credentials/index.ts(175,40): error TS5097: An import path can only end with a '.ts' extension when 'allowImportingTsExtensions' is enabled.
packages/shared/src/credentials/manager.ts(12,8): error TS5097: An import path can only end with a '.ts' extension when 'allowImportingTsExtensions' is enabled.
packages/shared/src/credentials/manager.ts(15,38): error TS5097: An import path can only end with a '.ts' extension when 'allowImportingTsExtensions' is enabled.
packages/shared/src/credentials/manager.ts(16,39): error TS5097: An import path can only end with a '.ts' extension when 'allowImportingTsExtensions' is enabled.
packages/shared/src/credentials/manager.ts(21,8): error TS5097: An import path can only end with a '.ts' extension when 'allowImportingTsExtensions' is enabled.
packages/shared/src/credentials/manager.ts(156,52): error TS5097: An import path can only end with a '.ts' extension when 'allowImportingTsExtensions' is enabled.
packages/shared/src/credentials/manager.ts(174,52): error TS5097: An import path can only end with a '.ts' extension when 'allowImportingTsExtensions' is enabled.
packages/shared/src/credentials/manager.ts(767,74): error TS5097: An import path can only end with a '.ts' extension when 'allowImportingTsExtensions' is enabled.
packages/shared/src/credentials/migration.ts(7,42): error TS5097: An import path can only end with a '.ts' extension when 'allowImportingTsExtensions' is enabled.
packages/shared/src/credentials/migration.ts(12,8): error TS5097: An import path can only end with a '.ts' extension when 'allowImportingTsExtensions' is enabled.
packages/shared/src/docs/index.ts(13,37): error TS5097: An import path can only end with a '.ts' extension when 'allowImportingTsExtensions' is enabled.
packages/shared/src/docs/index.ts(14,23): error TS5097: An import path can only end with a '.ts' extension when 'allowImportingTsExtensions' is enabled.
packages/shared/src/docs/index.ts(15,28): error TS5097: An import path can only end with a '.ts' extension when 'allowImportingTsExtensions' is enabled.
packages/shared/src/docs/index.ts(184,8): error TS5097: An import path can only end with a '.ts' extension when 'allowImportingTsExtensions' is enabled.
packages/shared/src/docs/index.ts(193,8): error TS5097: An import path can only end with a '.ts' extension when 'allowImportingTsExtensions' is enabled.
packages/shared/src/environment/index.ts(26,8): error TS5097: An import path can only end with a '.ts' extension when 'allowImportingTsExtensions' is enabled.
packages/shared/src/environment/index.ts(35,8): error TS5097: An import path can only end with a '.ts' extension when 'allowImportingTsExtensions' is enabled.
packages/shared/src/environment/index.ts(43,8): error TS5097: An import path can only end with a '.ts' extension when 'allowImportingTsExtensions' is enabled.
packages/shared/src/environment/storage.ts(7,55): error TS5097: An import path can only end with a '.ts' extension when 'allowImportingTsExtensions' is enabled.
packages/shared/src/environment/storage.ts(8,34): error TS5097: An import path can only end with a '.ts' extension when 'allowImportingTsExtensions' is enabled.
packages/shared/src/environment/storage.ts(9,37): error TS5097: An import path can only end with a '.ts' extension when 'allowImportingTsExtensions' is enabled.
packages/shared/src/environment/storage.ts(28,8): error TS5097: An import path can only end with a '.ts' extension when 'allowImportingTsExtensions' is enabled.
packages/shared/src/environment/versioning.ts(9,8): error TS5097: An import path can only end with a '.ts' extension when 'allowImportingTsExtensions' is enabled.
packages/shared/src/identity/agent-identity.ts(6,35): error TS5097: An import path can only end with a '.ts' extension when 'allowImportingTsExtensions' is enabled.
packages/shared/src/interceptor-common.ts(14,34): error TS5097: An import path can only end with a '.ts' extension when 'allowImportingTsExtensions' is enabled.
packages/shared/src/labels/storage.ts(15,46): error TS5097: An import path can only end with a '.ts' extension when 'allowImportingTsExtensions' is enabled.
packages/shared/src/labels/storage.ts(16,34): error TS5097: An import path can only end with a '.ts' extension when 'allowImportingTsExtensions' is enabled.
packages/shared/src/labels/storage.ts(17,36): error TS5097: An import path can only end with a '.ts' extension when 'allowImportingTsExtensions' is enabled.
packages/shared/src/labels/storage.ts(18,23): error TS5097: An import path can only end with a '.ts' extension when 'allowImportingTsExtensions' is enabled.
packages/shared/src/mcp/client.ts(16,39): error TS5097: An import path can only end with a '.ts' extension when 'allowImportingTsExtensions' is enabled.
packages/shared/src/mcp/client.ts(17,55): error TS5097: An import path can only end with a '.ts' extension when 'allowImportingTsExtensions' is enabled.
packages/shared/src/mcp/mcp-pool.ts(16,97): error TS5097: An import path can only end with a '.ts' extension when 'allowImportingTsExtensions' is enabled.
packages/shared/src/mcp/mcp-pool.ts(17,37): error TS5097: An import path can only end with a '.ts' extension when 'allowImportingTsExtensions' is enabled.
packages/shared/src/mcp/mcp-pool.ts(22,35): error TS5097: An import path can only end with a '.ts' extension when 'allowImportingTsExtensions' is enabled.
packages/shared/src/mcp/mcp-pool.ts(23,34): error TS5097: An import path can only end with a '.ts' extension when 'allowImportingTsExtensions' is enabled.
packages/shared/src/mcp/mcp-pool.ts(28,8): error TS5097: An import path can only end with a '.ts' extension when 'allowImportingTsExtensions' is enabled.
packages/shared/src/mcp/mcp-pool.ts(29,52): error TS5097: An import path can only end with a '.ts' extension when 'allowImportingTsExtensions' is enabled.
packages/shared/src/mcp/validation.ts(10,23): error TS5097: An import path can only end with a '.ts' extension when 'allowImportingTsExtensions' is enabled.
packages/shared/src/mcp/validation.ts(11,33): error TS5097: An import path can only end with a '.ts' extension when 'allowImportingTsExtensions' is enabled.
packages/shared/src/mcp/validation.ts(13,52): error TS5097: An import path can only end with a '.ts' extension when 'allowImportingTsExtensions' is enabled.
packages/shared/src/orgs/storage.ts(12,55): error TS5097: An import path can only end with a '.ts' extension when 'allowImportingTsExtensions' is enabled.
packages/shared/src/orgs/storage.ts(13,34): error TS5097: An import path can only end with a '.ts' extension when 'allowImportingTsExtensions' is enabled.
packages/shared/src/orgs/storage.ts(17,8): error TS5097: An import path can only end with a '.ts' extension when 'allowImportingTsExtensions' is enabled.
packages/shared/src/orgs/types.ts(1,34): error TS5097: An import path can only end with a '.ts' extension when 'allowImportingTsExtensions' is enabled.
packages/shared/src/pages/refresh.ts(17,36): error TS5097: An import path can only end with a '.ts' extension when 'allowImportingTsExtensions' is enabled.
packages/shared/src/pages/storage.ts(33,55): error TS5097: An import path can only end with a '.ts' extension when 'allowImportingTsExtensions' is enabled.
packages/shared/src/pages/storage.ts(34,36): error TS5097: An import path can only end with a '.ts' extension when 'allowImportingTsExtensions' is enabled.
packages/shared/src/pages/storage.ts(35,23): error TS5097: An import path can only end with a '.ts' extension when 'allowImportingTsExtensions' is enabled.
packages/shared/src/pages/storage.ts(36,74): error TS5097: An import path can only end with a '.ts' extension when 'allowImportingTsExtensions' is enabled.
packages/shared/src/projects/roadmap-storage.ts(6,37): error TS5097: An import path can only end with a '.ts' extension when 'allowImportingTsExtensions' is enabled.
packages/shared/src/projects/roadmap-storage.ts(7,23): error TS5097: An import path can only end with a '.ts' extension when 'allowImportingTsExtensions' is enabled.
packages/shared/src/projects/roadmap-storage.ts(8,70): error TS5097: An import path can only end with a '.ts' extension when 'allowImportingTsExtensions' is enabled.
packages/shared/src/projects/roadmap-storage.ts(17,8): error TS5097: An import path can only end with a '.ts' extension when 'allowImportingTsExtensions' is enabled.
packages/shared/src/projects/storage.ts(23,68): error TS5097: An import path can only end with a '.ts' extension when 'allowImportingTsExtensions' is enabled.
packages/shared/src/projects/storage.ts(24,36): error TS5097: An import path can only end with a '.ts' extension when 'allowImportingTsExtensions' is enabled.
packages/shared/src/projects/storage.ts(25,23): error TS5097: An import path can only end with a '.ts' extension when 'allowImportingTsExtensions' is enabled.
packages/shared/src/projects/storage.ts(26,44): error TS5097: An import path can only end with a '.ts' extension when 'allowImportingTsExtensions' is enabled.
packages/shared/src/projects/storage.ts(27,44): error TS5097: An import path can only end with a '.ts' extension when 'allowImportingTsExtensions' is enabled.
packages/shared/src/prompts/system.ts(1,86): error TS5097: An import path can only end with a '.ts' extension when 'allowImportingTsExtensions' is enabled.
packages/shared/src/prompts/system.ts(6,8): error TS5097: An import path can only end with a '.ts' extension when 'allowImportingTsExtensions' is enabled.
packages/shared/src/prompts/system.ts(7,39): error TS5097: An import path can only end with a '.ts' extension when 'allowImportingTsExtensions' is enabled.
packages/shared/src/prompts/system.ts(8,23): error TS5097: An import path can only end with a '.ts' extension when 'allowImportingTsExtensions' is enabled.
packages/shared/src/prompts/system.ts(11,36): error TS5097: An import path can only end with a '.ts' extension when 'allowImportingTsExtensions' is enabled.
packages/shared/src/prompts/system.ts(12,43): error TS5097: An import path can only end with a '.ts' extension when 'allowImportingTsExtensions' is enabled.
packages/shared/src/prompts/system.ts(13,40): error TS5097: An import path can only end with a '.ts' extension when 'allowImportingTsExtensions' is enabled.
packages/shared/src/prompts/system.ts(14,31): error TS5097: An import path can only end with a '.ts' extension when 'allowImportingTsExtensions' is enabled.
packages/shared/src/prompts/system.ts(15,29): error TS5097: An import path can only end with a '.ts' extension when 'allowImportingTsExtensions' is enabled.
packages/shared/src/prompts/system.ts(16,32): error TS5097: An import path can only end with a '.ts' extension when 'allowImportingTsExtensions' is enabled.
packages/shared/src/prompts/system.ts(17,29): error TS5097: An import path can only end with a '.ts' extension when 'allowImportingTsExtensions' is enabled.
packages/shared/src/prompts/system.ts(22,34): error TS5097: An import path can only end with a '.ts' extension when 'allowImportingTsExtensions' is enabled.
packages/shared/src/prompts/system.ts(23,36): error TS5097: An import path can only end with a '.ts' extension when 'allowImportingTsExtensions' is enabled.
packages/shared/src/sessions/bundle.ts(13,34): error TS5097: An import path can only end with a '.ts' extension when 'allowImportingTsExtensions' is enabled.
packages/shared/src/sessions/bundle.ts(14,52): error TS5097: An import path can only end with a '.ts' extension when 'allowImportingTsExtensions' is enabled.
packages/shared/src/sessions/bundle.ts(15,23): error TS5097: An import path can only end with a '.ts' extension when 'allowImportingTsExtensions' is enabled.
packages/shared/src/sessions/bundle.ts(20,8): error TS5097: An import path can only end with a '.ts' extension when 'allowImportingTsExtensions' is enabled.
packages/shared/src/sessions/bundle.ts(23,56): error TS5097: An import path can only end with a '.ts' extension when 'allowImportingTsExtensions' is enabled.
packages/shared/src/sessions/collection-display-storage.ts(10,55): error TS5097: An import path can only end with a '.ts' extension when 'allowImportingTsExtensions' is enabled.
packages/shared/src/sessions/collection-display-storage.ts(23,8): error TS5097: An import path can only end with a '.ts' extension when 'allowImportingTsExtensions' is enabled.
packages/shared/src/sessions/collection-filters-storage.ts(15,55): error TS5097: An import path can only end with a '.ts' extension when 'allowImportingTsExtensions' is enabled.
packages/shared/src/sessions/collection-filters-storage.ts(17,41): error TS5097: An import path can only end with a '.ts' extension when 'allowImportingTsExtensions' is enabled.
packages/shared/src/sessions/collection-query.ts(6,37): error TS5097: An import path can only end with a '.ts' extension when 'allowImportingTsExtensions' is enabled.
packages/shared/src/sessions/collection-query.ts(7,35): error TS5097: An import path can only end with a '.ts' extension when 'allowImportingTsExtensions' is enabled.
packages/shared/src/sessions/import-convert.ts(8,69): error TS5097: An import path can only end with a '.ts' extension when 'allowImportingTsExtensions' is enabled.
packages/shared/src/sessions/import-discover.ts(14,8): error TS5097: An import path can only end with a '.ts' extension when 'allowImportingTsExtensions' is enabled.
packages/shared/src/sessions/import-discover.ts(15,60): error TS5097: An import path can only end with a '.ts' extension when 'allowImportingTsExtensions' is enabled.
packages/shared/src/sessions/import-discover.ts(16,76): error TS5097: An import path can only end with a '.ts' extension when 'allowImportingTsExtensions' is enabled.
packages/shared/src/sessions/import-discover.ts(18,39): error TS5097: An import path can only end with a '.ts' extension when 'allowImportingTsExtensions' is enabled.
packages/shared/src/sessions/import-persist.ts(10,67): error TS5097: An import path can only end with a '.ts' extension when 'allowImportingTsExtensions' is enabled.
packages/shared/src/sessions/import-persist.ts(11,86): error TS5097: An import path can only end with a '.ts' extension when 'allowImportingTsExtensions' is enabled.
packages/shared/src/sessions/import-persist.ts(12,88): error TS5097: An import path can only end with a '.ts' extension when 'allowImportingTsExtensions' is enabled.
packages/shared/src/sessions/import-persist.ts(13,41): error TS5097: An import path can only end with a '.ts' extension when 'allowImportingTsExtensions' is enabled.
packages/shared/src/sessions/import-persist.ts(14,53): error TS5097: An import path can only end with a '.ts' extension when 'allowImportingTsExtensions' is enabled.
packages/shared/src/sessions/import-registry.ts(8,53): error TS5097: An import path can only end with a '.ts' extension when 'allowImportingTsExtensions' is enabled.
packages/shared/src/sessions/index.ts(25,43): error TS5097: An import path can only end with a '.ts' extension when 'allowImportingTsExtensions' is enabled.
packages/shared/src/sessions/index.ts(27,83): error TS5097: An import path can only end with a '.ts' extension when 'allowImportingTsExtensions' is enabled.
packages/shared/src/sessions/index.ts(91,8): error TS5097: An import path can only end with a '.ts' extension when 'allowImportingTsExtensions' is enabled.
packages/shared/src/sessions/index.ts(99,8): error TS5097: An import path can only end with a '.ts' extension when 'allowImportingTsExtensions' is enabled.
packages/shared/src/sessions/index.ts(104,8): error TS5097: An import path can only end with a '.ts' extension when 'allowImportingTsExtensions' is enabled.
packages/shared/src/sessions/index.ts(110,8): error TS5097: An import path can only end with a '.ts' extension when 'allowImportingTsExtensions' is enabled.
packages/shared/src/sessions/index.ts(114,35): error TS5097: An import path can only end with a '.ts' extension when 'allowImportingTsExtensions' is enabled.
packages/shared/src/sessions/index.ts(123,8): error TS5097: An import path can only end with a '.ts' extension when 'allowImportingTsExtensions' is enabled.
packages/shared/src/sessions/index.ts(126,35): error TS5097: An import path can only end with a '.ts' extension when 'allowImportingTsExtensions' is enabled.
packages/shared/src/sessions/index.ts(133,8): error TS5097: An import path can only end with a '.ts' extension when 'allowImportingTsExtensions' is enabled.
packages/shared/src/sessions/index.ts(146,8): error TS5097: An import path can only end with a '.ts' extension when 'allowImportingTsExtensions' is enabled.
packages/shared/src/sessions/index.ts(148,92): error TS5097: An import path can only end with a '.ts' extension when 'allowImportingTsExtensions' is enabled.
packages/shared/src/sessions/index.ts(159,39): error TS5097: An import path can only end with a '.ts' extension when 'allowImportingTsExtensions' is enabled.
packages/shared/src/sessions/index.ts(160,135): error TS5097: An import path can only end with a '.ts' extension when 'allowImportingTsExtensions' is enabled.
packages/shared/src/sessions/index.ts(161,133): error TS5097: An import path can only end with a '.ts' extension when 'allowImportingTsExtensions' is enabled.
packages/shared/src/sessions/index.ts(162,63): error TS5097: An import path can only end with a '.ts' extension when 'allowImportingTsExtensions' is enabled.
packages/shared/src/sessions/index.ts(170,8): error TS5097: An import path can only end with a '.ts' extension when 'allowImportingTsExtensions' is enabled.
packages/shared/src/sessions/index.ts(179,8): error TS5097: An import path can only end with a '.ts' extension when 'allowImportingTsExtensions' is enabled.
packages/shared/src/sessions/index.ts(201,8): error TS5097: An import path can only end with a '.ts' extension when 'allowImportingTsExtensions' is enabled.
packages/shared/src/sessions/index.ts(215,8): error TS5097: An import path can only end with a '.ts' extension when 'allowImportingTsExtensions' is enabled.
packages/shared/src/sessions/index.ts(225,8): error TS5097: An import path can only end with a '.ts' extension when 'allowImportingTsExtensions' is enabled.
packages/shared/src/sessions/index.ts(235,8): error TS5097: An import path can only end with a '.ts' extension when 'allowImportingTsExtensions' is enabled.
packages/shared/src/sessions/index.ts(242,8): error TS5097: An import path can only end with a '.ts' extension when 'allowImportingTsExtensions' is enabled.
packages/shared/src/sessions/journal-recover.ts(10,35): error TS5097: An import path can only end with a '.ts' extension when 'allowImportingTsExtensions' is enabled.
packages/shared/src/sessions/journal-recover.ts(11,43): error TS5097: An import path can only end with a '.ts' extension when 'allowImportingTsExtensions' is enabled.
packages/shared/src/sessions/journal-recover.ts(12,23): error TS5097: An import path can only end with a '.ts' extension when 'allowImportingTsExtensions' is enabled.
packages/shared/src/sessions/jsonl.ts(14,37): error TS5097: An import path can only end with a '.ts' extension when 'allowImportingTsExtensions' is enabled.
packages/shared/src/sessions/jsonl.ts(15,59): error TS5097: An import path can only end with a '.ts' extension when 'allowImportingTsExtensions' is enabled.
packages/shared/src/sessions/jsonl.ts(16,23): error TS5097: An import path can only end with a '.ts' extension when 'allowImportingTsExtensions' is enabled.
packages/shared/src/sessions/jsonl.ts(17,31): error TS5097: An import path can only end with a '.ts' extension when 'allowImportingTsExtensions' is enabled.
packages/shared/src/sessions/jsonl.ts(18,35): error TS5097: An import path can only end with a '.ts' extension when 'allowImportingTsExtensions' is enabled.
packages/shared/src/sessions/jsonl.ts(19,49): error TS5097: An import path can only end with a '.ts' extension when 'allowImportingTsExtensions' is enabled.
packages/shared/src/sessions/jsonl.ts(20,44): error TS5097: An import path can only end with a '.ts' extension when 'allowImportingTsExtensions' is enabled.
packages/shared/src/sessions/jsonl.ts(21,66): error TS5097: An import path can only end with a '.ts' extension when 'allowImportingTsExtensions' is enabled.
packages/shared/src/sessions/slug-generator.ts(13,35): error TS5097: An import path can only end with a '.ts' extension when 'allowImportingTsExtensions' is enabled.
packages/shared/src/sessions/storage.ts(26,42): error TS5097: An import path can only end with a '.ts' extension when 'allowImportingTsExtensions' is enabled.
packages/shared/src/sessions/storage.ts(27,41): error TS5097: An import path can only end with a '.ts' extension when 'allowImportingTsExtensions' is enabled.
packages/shared/src/sessions/storage.ts(28,44): error TS5097: An import path can only end with a '.ts' extension when 'allowImportingTsExtensions' is enabled.
packages/shared/src/sessions/storage.ts(29,35): error TS5097: An import path can only end with a '.ts' extension when 'allowImportingTsExtensions' is enabled.
packages/shared/src/sessions/storage.ts(30,22): error TS5097: An import path can only end with a '.ts' extension when 'allowImportingTsExtensions' is enabled.
packages/shared/src/sessions/storage.ts(40,39): error TS5097: An import path can only end with a '.ts' extension when 'allowImportingTsExtensions' is enabled.
packages/shared/src/sessions/storage.ts(41,23): error TS5097: An import path can only end with a '.ts' extension when 'allowImportingTsExtensions' is enabled.
packages/shared/src/sessions/storage.ts(42,35): error TS5097: An import path can only end with a '.ts' extension when 'allowImportingTsExtensions' is enabled.
packages/shared/src/sessions/storage.ts(43,53): error TS5097: An import path can only end with a '.ts' extension when 'allowImportingTsExtensions' is enabled.
packages/shared/src/sessions/storage.ts(44,39): error TS5097: An import path can only end with a '.ts' extension when 'allowImportingTsExtensions' is enabled.
packages/shared/src/sessions/storage.ts(45,41): error TS5097: An import path can only end with a '.ts' extension when 'allowImportingTsExtensions' is enabled.
packages/shared/src/sessions/storage.ts(46,83): error TS5097: An import path can only end with a '.ts' extension when 'allowImportingTsExtensions' is enabled.
packages/shared/src/skills/bundled.ts(50,65): error TS5097: An import path can only end with a '.ts' extension when 'allowImportingTsExtensions' is enabled.
packages/shared/src/skills/bundled.ts(51,37): error TS5097: An import path can only end with a '.ts' extension when 'allowImportingTsExtensions' is enabled.
packages/shared/src/skills/bundled.ts(52,23): error TS5097: An import path can only end with a '.ts' extension when 'allowImportingTsExtensions' is enabled.
packages/shared/src/skills/bundled.ts(53,31): error TS5097: An import path can only end with a '.ts' extension when 'allowImportingTsExtensions' is enabled.
packages/shared/src/skills/bundled.ts(54,34): error TS5097: An import path can only end with a '.ts' extension when 'allowImportingTsExtensions' is enabled.
packages/shared/src/skills/bundled.ts(55,127): error TS5097: An import path can only end with a '.ts' extension when 'allowImportingTsExtensions' is enabled.
packages/shared/src/skills/bundled.ts(56,39): error TS5097: An import path can only end with a '.ts' extension when 'allowImportingTsExtensions' is enabled.
packages/shared/src/skills/bundled.ts(57,42): error TS5097: An import path can only end with a '.ts' extension when 'allowImportingTsExtensions' is enabled.
packages/shared/src/skills/storage.ts(22,31): error TS5097: An import path can only end with a '.ts' extension when 'allowImportingTsExtensions' is enabled.
packages/shared/src/skills/storage.ts(23,40): error TS5097: An import path can only end with a '.ts' extension when 'allowImportingTsExtensions' is enabled.
packages/shared/src/skills/storage.ts(24,34): error TS5097: An import path can only end with a '.ts' extension when 'allowImportingTsExtensions' is enabled.
packages/shared/src/skills/storage.ts(25,42): error TS5097: An import path can only end with a '.ts' extension when 'allowImportingTsExtensions' is enabled.
packages/shared/src/skills/storage.ts(26,25): error TS5097: An import path can only end with a '.ts' extension when 'allowImportingTsExtensions' is enabled.
packages/shared/src/skills/storage.ts(27,77): error TS5097: An import path can only end with a '.ts' extension when 'allowImportingTsExtensions' is enabled.
packages/shared/src/skills/storage.ts(34,8): error TS5097: An import path can only end with a '.ts' extension when 'allowImportingTsExtensions' is enabled.
packages/shared/src/skills/storage.ts(623,27): error TS5097: An import path can only end with a '.ts' extension when 'allowImportingTsExtensions' is enabled.
packages/shared/src/sources/api-tools.ts(11,23): error TS5097: An import path can only end with a '.ts' extension when 'allowImportingTsExtensions' is enabled.
packages/shared/src/sources/api-tools.ts(12,33): error TS5097: An import path can only end with a '.ts' extension when 'allowImportingTsExtensions' is enabled.
packages/shared/src/sources/api-tools.ts(13,34): error TS5097: An import path can only end with a '.ts' extension when 'allowImportingTsExtensions' is enabled.
packages/shared/src/sources/api-tools.ts(14,48): error TS5097: An import path can only end with a '.ts' extension when 'allowImportingTsExtensions' is enabled.
packages/shared/src/sources/api-tools.ts(16,41): error TS5097: An import path can only end with a '.ts' extension when 'allowImportingTsExtensions' is enabled.
packages/shared/src/sources/builtin-mcp-installer.ts(10,34): error TS5097: An import path can only end with a '.ts' extension when 'allowImportingTsExtensions' is enabled.
packages/shared/src/sources/builtin-mcp-installer.ts(11,52): error TS5097: An import path can only end with a '.ts' extension when 'allowImportingTsExtensions' is enabled.
packages/shared/src/sources/builtin-mcp-qmd.ts(6,28): error TS5097: An import path can only end with a '.ts' extension when 'allowImportingTsExtensions' is enabled.
packages/shared/src/sources/builtin-mcp-qmd.ts(7,34): error TS5097: An import path can only end with a '.ts' extension when 'allowImportingTsExtensions' is enabled.
packages/shared/src/sources/builtin-mcp.ts(12,40): error TS5097: An import path can only end with a '.ts' extension when 'allowImportingTsExtensions' is enabled.
packages/shared/src/sources/builtin-mcp.ts(13,44): error TS5097: An import path can only end with a '.ts' extension when 'allowImportingTsExtensions' is enabled.
packages/shared/src/sources/builtin-sources.ts(16,32): error TS5097: An import path can only end with a '.ts' extension when 'allowImportingTsExtensions' is enabled.
packages/shared/src/sources/builtin-sources.ts(17,81): error TS5097: An import path can only end with a '.ts' extension when 'allowImportingTsExtensions' is enabled.
packages/shared/src/sources/builtin-sources.ts(18,32): error TS5097: An import path can only end with a '.ts' extension when 'allowImportingTsExtensions' is enabled.
packages/shared/src/sources/builtin-sources.ts(19,37): error TS5097: An import path can only end with a '.ts' extension when 'allowImportingTsExtensions' is enabled.
packages/shared/src/sources/credential-manager.ts(25,8): error TS5097: An import path can only end with a '.ts' extension when 'allowImportingTsExtensions' is enabled.
packages/shared/src/sources/credential-manager.ts(26,42): error TS5097: An import path can only end with a '.ts' extension when 'allowImportingTsExtensions' is enabled.
packages/shared/src/sources/credential-manager.ts(28,38): error TS5097: An import path can only end with a '.ts' extension when 'allowImportingTsExtensions' is enabled.
packages/shared/src/sources/credential-manager.ts(29,117): error TS5097: An import path can only end with a '.ts' extension when 'allowImportingTsExtensions' is enabled.
packages/shared/src/sources/credential-manager.ts(30,42): error TS5097: An import path can only end with a '.ts' extension when 'allowImportingTsExtensions' is enabled.
packages/shared/src/sources/credential-manager.ts(31,73): error TS5097: An import path can only end with a '.ts' extension when 'allowImportingTsExtensions' is enabled.
packages/shared/src/sources/credential-manager.ts(40,8): error TS5097: An import path can only end with a '.ts' extension when 'allowImportingTsExtensions' is enabled.
packages/shared/src/sources/credential-manager.ts(48,8): error TS5097: An import path can only end with a '.ts' extension when 'allowImportingTsExtensions' is enabled.
packages/shared/src/sources/credential-manager.ts(56,8): error TS5097: An import path can only end with a '.ts' extension when 'allowImportingTsExtensions' is enabled.
packages/shared/src/sources/credential-manager.ts(61,8): error TS5097: An import path can only end with a '.ts' extension when 'allowImportingTsExtensions' is enabled.
packages/shared/src/sources/credential-manager.ts(62,23): error TS5097: An import path can only end with a '.ts' extension when 'allowImportingTsExtensions' is enabled.
packages/shared/src/sources/credential-manager.ts(63,44): error TS5097: An import path can only end with a '.ts' extension when 'allowImportingTsExtensions' is enabled.
packages/shared/src/sources/credential-manager.ts(64,77): error TS5097: An import path can only end with a '.ts' extension when 'allowImportingTsExtensions' is enabled.
packages/shared/src/sources/credential-manager.ts(65,67): error TS5097: An import path can only end with a '.ts' extension when 'allowImportingTsExtensions' is enabled.
packages/shared/src/sources/default-microservices.ts(13,32): error TS5097: An import path can only end with a '.ts' extension when 'allowImportingTsExtensions' is enabled.
packages/shared/src/sources/default-microservices.ts(14,62): error TS5097: An import path can only end with a '.ts' extension when 'allowImportingTsExtensions' is enabled.
packages/shared/src/sources/e2b-tools.ts(4,81): error TS5097: An import path can only end with a '.ts' extension when 'allowImportingTsExtensions' is enabled.
packages/shared/src/sources/e2b-tools.ts(6,34): error TS5097: An import path can only end with a '.ts' extension when 'allowImportingTsExtensions' is enabled.
packages/shared/src/sources/index.ts(33,8): error TS5097: An import path can only end with a '.ts' extension when 'allowImportingTsExtensions' is enabled.
packages/shared/src/sources/index.ts(66,8): error TS5097: An import path can only end with a '.ts' extension when 'allowImportingTsExtensions' is enabled.
packages/shared/src/sources/index.ts(73,8): error TS5097: An import path can only end with a '.ts' extension when 'allowImportingTsExtensions' is enabled.
packages/shared/src/sources/index.ts(86,8): error TS5097: An import path can only end with a '.ts' extension when 'allowImportingTsExtensions' is enabled.
packages/shared/src/sources/index.ts(106,8): error TS5097: An import path can only end with a '.ts' extension when 'allowImportingTsExtensions' is enabled.
packages/shared/src/sources/index.ts(114,8): error TS5097: An import path can only end with a '.ts' extension when 'allowImportingTsExtensions' is enabled.
packages/shared/src/sources/index.ts(123,8): error TS5097: An import path can only end with a '.ts' extension when 'allowImportingTsExtensions' is enabled.
packages/shared/src/sources/index.ts(135,8): error TS5097: An import path can only end with a '.ts' extension when 'allowImportingTsExtensions' is enabled.
packages/shared/src/sources/index.ts(137,84): error TS5097: An import path can only end with a '.ts' extension when 'allowImportingTsExtensions' is enabled.
packages/shared/src/sources/index.ts(144,8): error TS5097: An import path can only end with a '.ts' extension when 'allowImportingTsExtensions' is enabled.
packages/shared/src/sources/index.ts(150,8): error TS5097: An import path can only end with a '.ts' extension when 'allowImportingTsExtensions' is enabled.
packages/shared/src/sources/index.ts(163,8): error TS5097: An import path can only end with a '.ts' extension when 'allowImportingTsExtensions' is enabled.
packages/shared/src/sources/server-builder.ts(15,61): error TS5097: An import path can only end with a '.ts' extension when 'allowImportingTsExtensions' is enabled.
packages/shared/src/sources/server-builder.ts(16,32): error TS5097: An import path can only end with a '.ts' extension when 'allowImportingTsExtensions' is enabled.
packages/shared/src/sources/server-builder.ts(17,57): error TS5097: An import path can only end with a '.ts' extension when 'allowImportingTsExtensions' is enabled.
packages/shared/src/sources/server-builder.ts(18,36): error TS5097: An import path can only end with a '.ts' extension when 'allowImportingTsExtensions' is enabled.
packages/shared/src/sources/server-builder.ts(19,40): error TS5097: An import path can only end with a '.ts' extension when 'allowImportingTsExtensions' is enabled.
packages/shared/src/sources/server-builder.ts(21,23): error TS5097: An import path can only end with a '.ts' extension when 'allowImportingTsExtensions' is enabled.
packages/shared/src/sources/server-builder.ts(22,48): error TS5097: An import path can only end with a '.ts' extension when 'allowImportingTsExtensions' is enabled.
packages/shared/src/sources/server-builder.ts(23,70): error TS5097: An import path can only end with a '.ts' extension when 'allowImportingTsExtensions' is enabled.
packages/shared/src/sources/source-stats.ts(8,32): error TS5097: An import path can only end with a '.ts' extension when 'allowImportingTsExtensions' is enabled.
packages/shared/src/sources/storage.ts(20,38): error TS5097: An import path can only end with a '.ts' extension when 'allowImportingTsExtensions' is enabled.
packages/shared/src/sources/storage.ts(21,23): error TS5097: An import path can only end with a '.ts' extension when 'allowImportingTsExtensions' is enabled.
packages/shared/src/sources/storage.ts(22,34): error TS5097: An import path can only end with a '.ts' extension when 'allowImportingTsExtensions' is enabled.
packages/shared/src/sources/storage.ts(23,127): error TS5097: An import path can only end with a '.ts' extension when 'allowImportingTsExtensions' is enabled.
packages/shared/src/sources/storage.ts(24,67): error TS5097: An import path can only end with a '.ts' extension when 'allowImportingTsExtensions' is enabled.
packages/shared/src/sources/storage.ts(25,44): error TS5097: An import path can only end with a '.ts' extension when 'allowImportingTsExtensions' is enabled.
packages/shared/src/sources/storage.ts(26,41): error TS5097: An import path can only end with a '.ts' extension when 'allowImportingTsExtensions' is enabled.
packages/shared/src/sources/storage.ts(30,44): error TS5097: An import path can only end with a '.ts' extension when 'allowImportingTsExtensions' is enabled.
packages/shared/src/sources/storage.ts(37,8): error TS5097: An import path can only end with a '.ts' extension when 'allowImportingTsExtensions' is enabled.
packages/shared/src/sources/storage.ts(333,27): error TS5097: An import path can only end with a '.ts' extension when 'allowImportingTsExtensions' is enabled.
packages/shared/src/sources/storage.ts(573,70): error TS5097: An import path can only end with a '.ts' extension when 'allowImportingTsExtensions' is enabled.
packages/shared/src/sources/storage.ts(574,43): error TS5097: An import path can only end with a '.ts' extension when 'allowImportingTsExtensions' is enabled.
packages/shared/src/sources/token-refresh-manager.ts(14,74): error TS5097: An import path can only end with a '.ts' extension when 'allowImportingTsExtensions' is enabled.
packages/shared/src/sources/token-refresh-manager.ts(16,41): error TS5097: An import path can only end with a '.ts' extension when 'allowImportingTsExtensions' is enabled.
packages/shared/src/statuses/storage.ts(16,34): error TS5097: An import path can only end with a '.ts' extension when 'allowImportingTsExtensions' is enabled.
packages/shared/src/statuses/storage.ts(17,35): error TS5097: An import path can only end with a '.ts' extension when 'allowImportingTsExtensions' is enabled.
packages/shared/src/statuses/storage.ts(24,8): error TS5097: An import path can only end with a '.ts' extension when 'allowImportingTsExtensions' is enabled.
packages/shared/src/statuses/storage.ts(25,37): error TS5097: An import path can only end with a '.ts' extension when 'allowImportingTsExtensions' is enabled.
packages/shared/src/statuses/storage.ts(26,23): error TS5097: An import path can only end with a '.ts' extension when 'allowImportingTsExtensions' is enabled.
packages/shared/src/statuses/storage.ts(378,27): error TS5097: An import path can only end with a '.ts' extension when 'allowImportingTsExtensions' is enabled.
packages/shared/src/statuses/validation.ts(8,33): error TS5097: An import path can only end with a '.ts' extension when 'allowImportingTsExtensions' is enabled.
packages/shared/src/toolchain-runtime.ts(13,60): error TS5097: An import path can only end with a '.ts' extension when 'allowImportingTsExtensions' is enabled.
packages/shared/src/toolchain-runtime.ts(14,63): error TS5097: An import path can only end with a '.ts' extension when 'allowImportingTsExtensions' is enabled.
packages/shared/src/toolchain-runtime.ts(16,34): error TS5097: An import path can only end with a '.ts' extension when 'allowImportingTsExtensions' is enabled.
packages/shared/src/toolchain/openclaw.ts(2,75): error TS5097: An import path can only end with a '.ts' extension when 'allowImportingTsExtensions' is enabled.
packages/shared/src/toolchain/types.ts(1,34): error TS5097: An import path can only end with a '.ts' extension when 'allowImportingTsExtensions' is enabled.
packages/shared/src/utils/bundle-files.ts(12,23): error TS5097: An import path can only end with a '.ts' extension when 'allowImportingTsExtensions' is enabled.
packages/shared/src/utils/cli-icon-resolver.ts(23,37): error TS5097: An import path can only end with a '.ts' extension when 'allowImportingTsExtensions' is enabled.
packages/shared/src/utils/cli-icon-resolver.ts(24,34): error TS5097: An import path can only end with a '.ts' extension when 'allowImportingTsExtensions' is enabled.
packages/shared/src/utils/icon-encoder.ts(10,25): error TS5097: An import path can only end with a '.ts' extension when 'allowImportingTsExtensions' is enabled.
packages/shared/src/utils/icon.ts(22,23): error TS5097: An import path can only end with a '.ts' extension when 'allowImportingTsExtensions' is enabled.
packages/shared/src/utils/icon.ts(32,8): error TS5097: An import path can only end with a '.ts' extension when 'allowImportingTsExtensions' is enabled.
packages/shared/src/utils/icon.ts(34,73): error TS5097: An import path can only end with a '.ts' extension when 'allowImportingTsExtensions' is enabled.
packages/shared/src/utils/index.ts(1,15): error TS5097: An import path can only end with a '.ts' extension when 'allowImportingTsExtensions' is enabled.
packages/shared/src/utils/index.ts(2,15): error TS5097: An import path can only end with a '.ts' extension when 'allowImportingTsExtensions' is enabled.
packages/shared/src/utils/index.ts(3,15): error TS5097: An import path can only end with a '.ts' extension when 'allowImportingTsExtensions' is enabled.
packages/shared/src/utils/index.ts(4,15): error TS5097: An import path can only end with a '.ts' extension when 'allowImportingTsExtensions' is enabled.
packages/shared/src/utils/index.ts(5,15): error TS5097: An import path can only end with a '.ts' extension when 'allowImportingTsExtensions' is enabled.
packages/shared/src/utils/index.ts(6,15): error TS5097: An import path can only end with a '.ts' extension when 'allowImportingTsExtensions' is enabled.
packages/shared/src/utils/index.ts(7,15): error TS5097: An import path can only end with a '.ts' extension when 'allowImportingTsExtensions' is enabled.
packages/shared/src/utils/index.ts(8,15): error TS5097: An import path can only end with a '.ts' extension when 'allowImportingTsExtensions' is enabled.
packages/shared/src/utils/index.ts(9,15): error TS5097: An import path can only end with a '.ts' extension when 'allowImportingTsExtensions' is enabled.
packages/shared/src/utils/index.ts(10,15): error TS5097: An import path can only end with a '.ts' extension when 'allowImportingTsExtensions' is enabled.
packages/shared/src/utils/index.ts(11,15): error TS5097: An import path can only end with a '.ts' extension when 'allowImportingTsExtensions' is enabled.
packages/shared/src/utils/index.ts(12,15): error TS5097: An import path can only end with a '.ts' extension when 'allowImportingTsExtensions' is enabled.
packages/shared/src/utils/index.ts(13,15): error TS5097: An import path can only end with a '.ts' extension when 'allowImportingTsExtensions' is enabled.
packages/shared/src/utils/index.ts(14,15): error TS5097: An import path can only end with a '.ts' extension when 'allowImportingTsExtensions' is enabled.
packages/shared/src/utils/index.ts(15,15): error TS5097: An import path can only end with a '.ts' extension when 'allowImportingTsExtensions' is enabled.
packages/shared/src/utils/large-response.ts(13,23): error TS5097: An import path can only end with a '.ts' extension when 'allowImportingTsExtensions' is enabled.
packages/shared/src/utils/large-response.ts(21,8): error TS5097: An import path can only end with a '.ts' extension when 'allowImportingTsExtensions' is enabled.
packages/shared/src/utils/logo.ts(8,23): error TS5097: An import path can only end with a '.ts' extension when 'allowImportingTsExtensions' is enabled.
packages/shared/src/utils/logo.ts(11,34): error TS5097: An import path can only end with a '.ts' extension when 'allowImportingTsExtensions' is enabled.
packages/shared/src/utils/logo.ts(12,34): error TS5097: An import path can only end with a '.ts' extension when 'allowImportingTsExtensions' is enabled.
packages/shared/src/utils/logo.ts(68,34): error TS5097: An import path can only end with a '.ts' extension when 'allowImportingTsExtensions' is enabled.
packages/shared/src/utils/paths.ts(12,34): error TS5097: An import path can only end with a '.ts' extension when 'allowImportingTsExtensions' is enabled.
packages/shared/src/utils/perf.ts(28,32): error TS5097: An import path can only end with a '.ts' extension when 'allowImportingTsExtensions' is enabled.
packages/shared/src/utils/summarize.ts(10,23): error TS5097: An import path can only end with a '.ts' extension when 'allowImportingTsExtensions' is enabled.
packages/shared/src/utils/workspace.ts(25,46): error TS5097: An import path can only end with a '.ts' extension when 'allowImportingTsExtensions' is enabled.
packages/shared/src/version/index.ts(11,15): error TS5097: An import path can only end with a '.ts' extension when 'allowImportingTsExtensions' is enabled.
packages/shared/src/version/index.ts(12,15): error TS5097: An import path can only end with a '.ts' extension when 'allowImportingTsExtensions' is enabled.
packages/shared/src/version/index.ts(13,15): error TS5097: An import path can only end with a '.ts' extension when 'allowImportingTsExtensions' is enabled.
packages/shared/src/voice/types.ts(9,46): error TS5097: An import path can only end with a '.ts' extension when 'allowImportingTsExtensions' is enabled.
packages/shared/src/workspaces/storage.ts(20,44): error TS5097: An import path can only end with a '.ts' extension when 'allowImportingTsExtensions' is enabled.
packages/shared/src/workspaces/storage.ts(21,55): error TS5097: An import path can only end with a '.ts' extension when 'allowImportingTsExtensions' is enabled.
packages/shared/src/workspaces/storage.ts(22,82): error TS5097: An import path can only end with a '.ts' extension when 'allowImportingTsExtensions' is enabled.
packages/shared/src/workspaces/storage.ts(23,56): error TS5097: An import path can only end with a '.ts' extension when 'allowImportingTsExtensions' is enabled.
packages/shared/src/workspaces/storage.ts(24,42): error TS5097: An import path can only end with a '.ts' extension when 'allowImportingTsExtensions' is enabled.
packages/shared/src/workspaces/storage.ts(25,38): error TS5097: An import path can only end with a '.ts' extension when 'allowImportingTsExtensions' is enabled.
packages/shared/src/workspaces/storage.ts(26,74): error TS5097: An import path can only end with a '.ts' extension when 'allowImportingTsExtensions' is enabled.
packages/shared/src/workspaces/storage.ts(30,8): error TS5097: An import path can only end with a '.ts' extension when 'allowImportingTsExtensions' is enabled.
packages/shared/src/workspaces/storage.ts(31,33): error TS5097: An import path can only end with a '.ts' extension when 'allowImportingTsExtensions' is enabled.
packages/shared/src/workspaces/storage.ts(32,36): error TS5097: An import path can only end with a '.ts' extension when 'allowImportingTsExtensions' is enabled.
packages/shared/src/workspaces/storage.ts(33,30): error TS5097: An import path can only end with a '.ts' extension when 'allowImportingTsExtensions' is enabled.
packages/shared/src/workspaces/storage.ts(34,60): error TS5097: An import path can only end with a '.ts' extension when 'allowImportingTsExtensions' is enabled.
packages/shared/src/workspaces/storage.ts(35,40): error TS5097: An import path can only end with a '.ts' extension when 'allowImportingTsExtensions' is enabled.
packages/shared/src/workspaces/storage.ts(36,34): error TS5097: An import path can only end with a '.ts' extension when 'allowImportingTsExtensions' is enabled.
packages/shared/src/workspaces/storage.ts(300,30): error TS5097: An import path can only end with a '.ts' extension when 'allowImportingTsExtensions' is enabled.
